node_name,MCC,DMNC,MNC,Degree,EPC,BottleNeck,EcCentricity,Closeness,Radiality,Betweenness,Stress,ClusteringCoefficient
BATF2,3.0,0.0,1.0,6.0,17.461,3.0,0.09091,116.40123,9.69828,2314.0,4780440.0,0.0,
IL20RA,1.0,0.0,1.0,2.0,54.76,1.0,0.11111,172.04683,11.38966,0.0,0.0,0.0,
ANKRD22,1.0,0.0,1.0,2.0,3.791,1.0,0.08333,96.01277,8.7,0.0,0.0,0.0,
L1CAM,3.0,0.0,1.0,6.0,42.751,2.0,0.1,139.45079,10.55862,1400.59241,556984.0,0.0,
IL12RB2,1.0,0.0,1.0,2.0,48.079,1.0,0.11111,172.04683,11.38966,0.0,0.0,0.0,
KRT19,6.0,0.56839,4.0,8.0,99.176,1.0,0.11111,156.28254,11.04138,73.2562,103032.0,0.21429,
CD2,55.0,0.5854,12.0,26.0,215.045,6.0,0.1,170.72698,11.20172,3112.73214,3788720.0,0.12308,
SCN2A,10.0,0.75786,4.0,12.0,58.566,4.0,0.1,151.40556,10.83103,2039.16188,897368.0,0.12121,
SPINT2,4.0,0.0,1.0,8.0,81.452,3.0,0.11111,157.03373,10.98966,1345.49904,1281008.0,0.0,
SPTBN2,1.0,0.0,1.0,2.0,22.295,1.0,0.09091,123.39964,10.02759,0.0,0.0,0.0,
GPC3,5.0,0.61557,2.0,10.0,124.595,5.0,0.11111,165.04206,11.13793,4959.95238,7500624.0,0.08889,
DMD,9.0,0.61795,3.0,14.0,106.495,4.0,0.1,165.79722,11.15862,3186.81214,833816.0,0.08791,
SCN4B,4.0,0.61795,3.0,6.0,32.118,1.0,0.09091,125.14964,10.04483,5.0,168.0,0.26667,
ITPR1,4.0,0.61557,2.0,8.0,95.046,5.0,0.1,179.74246,11.52931,2018.36808,752472.0,0.07143,
PLEK2,3.0,0.0,1.0,6.0,65.492,2.0,0.1,167.15913,11.30345,1852.71414,636392.0,0.0,
ANGPTL1,1.0,0.0,1.0,2.0,44.715,1.0,0.1,144.87937,10.73793,0.0,0.0,0.0,
SELP,265.0,1.03754,10.0,22.0,243.677,4.0,0.11111,198.24683,11.76379,1163.59768,397640.0,0.22511,
TEK,6562.0,0.80768,16.0,40.0,267.971,11.0,0.11111,200.48016,11.73621,3500.97576,1604840.0,0.11538,
ERBB4,6945.0,0.73694,20.0,42.0,270.529,10.0,0.1,204.79008,11.81897,3060.40824,1572112.0,0.13937,
KLHL13,1.0,0.0,1.0,2.0,50.658,1.0,0.08333,150.41198,10.55862,0.0,0.0,0.0,
IGFBP6,1.0,0.0,1.0,2.0,61.04,1.0,0.1,160.56627,11.17241,0.0,0.0,0.0,
FGFR3,5924.0,0.84125,15.0,42.0,269.807,8.0,0.1,205.2496,11.77414,8066.50886,5902128.0,0.09756,
HGF,56334.0,1.23252,22.0,52.0,275.018,21.0,0.11111,212.33016,11.87414,13430.45171,1.0027936E7,0.17949,
PTPRB,4.0,0.61557,2.0,8.0,103.256,2.0,0.1,153.26032,10.92241,102.36264,38336.0,0.14286,
FGFR4,5911.0,0.9963,13.0,28.0,253.106,2.0,0.1,186.31627,11.53966,1402.41807,836848.0,0.20635,
KIT,16904.0,0.78607,20.0,48.0,275.131,9.0,0.11111,216.51349,11.97759,6309.21169,2565664.0,0.11348,
NR4A3,30.0,1.03722,5.0,10.0,117.246,1.0,0.09091,136.47702,10.45172,2.81552,320.0,0.35556,
GTSE1,9.223372036854777E13,2.23525,22.0,44.0,276.91,1.0,0.09091,179.07345,11.08276,6.86806,15528.0,0.45243,
MUC5B,2.0,0.61557,2.0,4.0,45.95,1.0,0.1,147.51865,10.8569,0.0,0.0,0.33333,
FGF7,33210.0,1.08525,21.0,42.0,274.54,7.0,0.11111,208.69683,11.85172,1494.99631,959600.0,0.223,
CENPI,9.223372036854777E13,2.14857,29.0,58.0,278.857,1.0,0.09091,184.67345,11.14483,72.6111,97832.0,0.39806,
EGF,56537.0,0.68802,40.0,82.0,279.577,20.0,0.11111,231.3373,12.10345,10852.67798,4013664.0,0.10961,
LRP8,4.0,0.0,1.0,8.0,34.781,5.0,0.09091,150.32345,10.84828,1136.09232,145296.0,0.0,
ST14,2.0,0.0,1.0,4.0,25.953,1.0,0.1,122.57738,9.99655,5.07121,1176.0,0.0,
CXCL14,367920.0,1.67602,10.0,20.0,244.455,1.0,0.1,169.45198,11.23448,2.99943,1272.0,0.44211,
FGF2,52985.0,0.95864,27.0,60.0,278.215,7.0,0.11111,217.03016,11.92414,9743.97899,7973096.0,0.14689,
MUC16,3.0,0.61557,2.0,6.0,79.693,1.0,0.1,155.51865,11.02069,81.39677,10688.0,0.13333,
RAD51,9.223372036854777E13,1.61655,48.0,98.0,279.427,41.0,0.1,217.36627,11.72069,9326.33948,5295496.0,0.24532,
VWF,1469.0,0.77865,18.0,42.0,268.278,23.0,0.125,212.59405,11.92241,6572.93156,4726344.0,0.12311,
CCL28,10080.0,1.57449,8.0,16.0,222.682,1.0,0.1,166.50198,11.19483,0.2,8.0,0.45,
SKA3,9.223372036854777E13,2.16524,33.0,66.0,278.862,1.0,0.09091,188.05678,11.17931,21.94902,23496.0,0.38508,
TRIM46,1.0,0.0,1.0,2.0,34.71,1.0,0.1,146.04484,10.83103,0.0,0.0,0.0,
NGFR,5896.0,1.02445,12.0,28.0,254.658,3.0,0.1,185.51627,11.51897,1947.28372,1391632.0,0.18519,
MAPK8IP2,2.0,0.0,1.0,4.0,32.709,1.0,0.1,144.10556,10.78276,207.98045,42072.0,0.0,
F3,243.0,1.09763,7.0,16.0,209.271,2.0,0.11111,191.73016,11.68448,1266.60979,252504.0,0.25,
GPX3,11.0,0.92693,3.0,16.0,98.972,12.0,0.11111,190.23016,11.68448,9073.28959,2317264.0,0.06667,
PITX1,1.0,0.0,1.0,2.0,41.986,1.0,0.1,144.01984,10.74138,0.0,0.0,0.0,
PLA2G2A,3.0,0.61557,2.0,6.0,12.916,4.0,0.09091,118.00837,9.81897,565.06425,579392.0,0.13333,
ALOX15B,2.0,0.0,1.0,4.0,21.048,5.0,0.1,142.51032,10.70862,1444.07339,873624.0,0.0,
TNC,2.0,0.61557,2.0,4.0,95.586,1.0,0.1,175.50198,11.45345,0.0,0.0,0.33333,
LYVE1,6.0,0.0,1.0,12.0,184.456,3.0,0.11111,186.24921,11.51897,1492.52364,1383896.0,0.0,
RTP4,120.0,1.29653,5.0,10.0,119.245,1.0,0.1,137.2627,10.47414,0.0,0.0,0.44444,
CX3CR1,4.7936448E8,1.89042,13.0,26.0,261.045,1.0,0.1,173.26865,11.27586,2.52833,704.0,0.45538,
AOC3,8.0,0.92693,3.0,10.0,98.993,2.0,0.1,151.4627,10.84655,880.89895,449048.0,0.13333,
SPC24,9.223372036854777E13,2.15312,24.0,48.0,277.465,1.0,0.09091,181.00678,11.12241,13.95188,18056.0,0.42376,
CXCL2,5.19291366E8,1.6692,16.0,32.0,266.414,2.0,0.11111,185.74683,11.50172,126.19459,88664.0,0.375,
IFI6,720.0,1.42647,6.0,12.0,123.673,1.0,0.1,137.7627,10.47586,0.0,0.0,0.45455,
PDGFD,24.0,0.85588,6.0,12.0,197.24,1.0,0.1,176.6996,11.41897,11.96196,5952.0,0.27273,
IFI27,720.0,1.42647,6.0,12.0,124.361,1.0,0.1,137.7627,10.47586,0.0,0.0,0.45455,
RSAD2,960.0,1.34123,8.0,16.0,149.168,1.0,0.1,147.17937,10.66379,67.72298,28072.0,0.38333,
MX1,962.0,1.14559,9.0,18.0,170.231,5.0,0.1,160.28651,10.97759,614.94449,217568.0,0.31373,
TNS1,1.0,0.0,1.0,2.0,50.115,1.0,0.1,171.71865,11.38966,0.0,0.0,0.0,
TIGIT,2.0,0.0,1.0,4.0,67.769,1.0,0.1,148.02937,10.80172,16.39683,2520.0,0.0,
CDT1,9.223372036854777E13,1.68224,40.0,80.0,279.427,3.0,0.09091,195.29012,11.27931,368.91265,313960.0,0.28165,
IDO1,37.0,0.94732,4.0,18.0,170.688,10.0,0.11111,182.58016,11.50345,6467.69612,2384616.0,0.14379,
NPR1,4.0,0.0,1.0,8.0,25.418,1.0,0.09091,122.61154,9.93966,39.27625,14112.0,0.0,
SAA1,48.0,1.16687,5.0,10.0,170.551,1.0,0.11111,180.63016,11.49828,7.27648,1768.0,0.4,
CCR7,5.19286597E8,1.12807,22.0,46.0,273.856,8.0,0.11111,202.94683,11.76724,4821.42043,3268664.0,0.2087,
CD24,9.0,0.92693,3.0,12.0,133.534,4.0,0.11111,167.19087,11.23793,2128.31341,667968.0,0.09091,
FGF1,28822.0,1.46217,15.0,30.0,264.028,1.0,0.11111,195.58016,11.68103,265.0852,249696.0,0.33563,
OMD,6.0,0.92693,3.0,6.0,67.759,1.0,0.09091,136.04726,10.46552,0.0,0.0,0.4,
SAA2,24.0,1.13679,4.0,8.0,144.81,1.0,0.11111,176.78016,11.43621,0.0,0.0,0.42857,
CX3CL1,5.1891864E8,1.6825,15.0,30.0,266.933,1.0,0.11111,190.43016,11.58276,226.2211,190488.0,0.38621,
CCL19,5.1891864E8,1.8243,14.0,28.0,258.72,1.0,0.11111,185.29683,11.50517,49.36225,42176.0,0.42857,
EPCAM,19.0,0.57059,6.0,20.0,131.042,5.0,0.125,164.28929,11.14655,1931.71524,1090752.0,0.09474,
MMRN1,1.0,0.0,1.0,2.0,48.38,1.0,0.11111,151.38492,10.92414,0.0,0.0,0.0,
CCDC69,1.0,0.0,1.0,2.0,41.877,1.0,0.08333,122.23856,9.81897,0.0,0.0,0.0,
IFI44L,960.0,1.34123,8.0,16.0,150.609,1.0,0.1,147.17937,10.66379,67.72298,28072.0,0.38333,
SKA1,9.223372036854777E13,2.44951,42.0,84.0,279.427,1.0,0.09091,191.92345,11.18448,25.56569,29304.0,0.4039,
INMT,6.0,0.92693,3.0,6.0,62.711,1.0,0.1,139.84603,10.57414,0.0,0.0,0.4,
RDH10,7.0,0.92693,3.0,8.0,44.248,2.0,0.1,134.4627,10.38621,312.57414,114936.0,0.21429,
CCDC170,1.0,0.0,1.0,2.0,58.949,1.0,0.1,169.51627,11.38276,0.0,0.0,0.0,
CENPU,9.223372036854777E13,2.11638,27.0,54.0,277.69,1.0,0.09091,183.59012,11.14138,84.99885,121616.0,0.40112,
JCHAIN,8.0,0.75786,4.0,8.0,62.227,1.0,0.09091,142.90916,10.67069,5.33333,96.0,0.28571,
RBP1,3.0,0.61557,2.0,6.0,53.594,1.0,0.1,138.04841,10.53103,169.4181,63152.0,0.13333,
PTK6,1.0,0.0,1.0,2.0,55.25,1.0,0.1,159.60198,11.10517,0.0,0.0,0.0,
FLRT2,1.0,0.0,1.0,2.0,57.055,1.0,0.1,171.71865,11.38966,0.0,0.0,0.0,
POU2AF1,10.0,0.64826,5.0,10.0,74.929,2.0,0.09091,148.89726,10.82931,255.07963,71848.0,0.22222,
HSPB7,2.0,0.61557,2.0,4.0,33.537,1.0,0.1,131.43294,10.35517,0.0,0.0,0.33333,
LRP2,6.0,0.61795,3.0,10.0,133.729,2.0,0.11111,178.63016,11.46207,1204.02474,217088.0,0.08889,
POU2F3,1.0,0.0,1.0,2.0,23.963,1.0,0.09091,115.25321,9.71034,0.0,0.0,0.0,
OASL,962.0,1.14559,9.0,18.0,163.688,1.0,0.1,147.67937,10.66552,104.3662,38400.0,0.31373,
CBLC,1.0,0.0,1.0,2.0,51.66,1.0,0.09091,137.76392,10.54138,0.0,0.0,0.0,
GHR,32.0,0.85588,6.0,12.0,193.884,2.0,0.11111,187.28016,11.62759,192.1339,43808.0,0.27273,
PIGR,3.0,0.61557,2.0,6.0,42.388,2.0,0.09091,142.2425,10.66724,1158.0,435808.0,0.13333,
MYBPC1,1.0,0.0,1.0,2.0,27.863,1.0,0.1,130.4996,10.3431,0.0,0.0,0.0,
HSPB6,2.0,0.0,1.0,4.0,43.994,2.0,0.09091,146.27583,10.7431,428.4653,118440.0,0.0,
MZB1,6.0,0.92693,3.0,6.0,54.827,1.0,0.09091,142.2425,10.66724,0.0,0.0,0.4,
GJB2,3.0,0.61557,2.0,6.0,1.713,4.0,0.08333,74.42118,6.78621,3462.0,2.9305824E7,0.13333,
ANGPT1,489.0,0.89412,13.0,28.0,255.456,2.0,0.11111,192.18254,11.63966,1460.46069,775920.0,0.18519,
SYNM,1.0,0.0,1.0,2.0,22.415,1.0,0.1,130.4996,10.3431,0.0,0.0,0.0,
TMPRSS3,2.0,0.61557,2.0,4.0,1.534,1.0,0.07692,65.94467,5.79138,0.0,0.0,0.33333,
DPP4,12.0,0.64826,5.0,14.0,198.503,1.0,0.11111,190.81349,11.70517,739.31241,413912.0,0.13187,
HSD11B1,2.0,0.0,1.0,4.0,22.692,2.0,0.09091,128.51631,10.27069,1158.0,592616.0,0.0,
SYNPO2,2.0,0.61557,2.0,4.0,29.067,1.0,0.1,131.43294,10.35517,0.0,0.0,0.33333,
HPGD,1.0,0.0,1.0,2.0,3.969,1.0,0.08333,104.58737,9.27241,0.0,0.0,0.0,
RRM2,9.223372036854777E13,2.26053,65.0,132.0,279.427,9.0,0.09091,216.01035,11.53448,1633.34787,1604368.0,0.31575,
AK5,1.0,0.0,1.0,2.0,50.967,1.0,0.08333,147.32983,10.53621,0.0,0.0,0.0,
NOSTRIN,1.0,0.0,1.0,2.0,50.075,1.0,0.11111,155.59921,11.0931,0.0,0.0,0.0,
PIMREG,3628800.0,1.79574,10.0,20.0,247.945,1.0,0.09091,171.02345,11.02241,0.0,0.0,0.47368,
FOSL1,721.0,1.42647,6.0,14.0,156.438,2.0,0.1,158.87579,11.07069,1158.0,361392.0,0.32967,
SECTM1,1.0,0.0,1.0,2.0,37.32,1.0,0.09091,127.8917,10.23276,0.0,0.0,0.0,
AHNAK,1.0,0.0,1.0,2.0,37.078,1.0,0.09091,122.87464,10.07241,0.0,0.0,0.0,
CLDN5,38.0,1.03722,5.0,18.0,161.149,14.0,0.14286,188.45238,11.6431,13641.43331,3.9084304E7,0.15686,
PLAT,601.0,1.24106,9.0,20.0,229.786,2.0,0.11111,194.03016,11.70345,1188.7099,277176.0,0.27368,
SCUBE3,2.0,0.0,1.0,4.0,76.122,1.0,0.11111,163.03016,11.21379,17.84661,24744.0,0.0,
LINGO1,1.0,0.0,1.0,2.0,49.144,1.0,0.09091,137.24726,10.52069,0.0,0.0,0.0,
CENPM,9.223372036854777E13,2.19849,38.0,76.0,279.427,1.0,0.09091,188.70678,11.13966,142.18932,193232.0,0.37404,
CAVIN2,1.0,0.0,1.0,2.0,45.679,1.0,0.11111,155.59921,11.0931,0.0,0.0,0.0,
EDNRB,3.0,0.0,1.0,6.0,93.241,2.0,0.1,160.26746,11.11552,600.72284,129800.0,0.0,
EPHB3,2.0,0.61557,2.0,4.0,44.142,1.0,0.09091,127.24051,10.16724,0.0,0.0,0.33333,
TACC3,9.223372036854777E13,2.47771,27.0,56.0,278.871,2.0,0.09091,198.9175,11.50172,3395.70838,3091392.0,0.43636,
MME,52.0,0.8164,8.0,20.0,217.038,4.0,0.1,191.0496,11.67069,1537.55591,809952.0,0.15789,
GPER1,3.0,0.61557,2.0,6.0,112.813,1.0,0.1,174.13294,11.45,52.80061,28752.0,0.13333,
NGEF,2.0,0.61557,2.0,4.0,41.993,1.0,0.09091,127.24051,10.16724,0.0,0.0,0.33333,
EFNA3,7.0,0.61557,2.0,14.0,175.701,3.0,0.1,165.98651,11.16379,2341.68455,1978824.0,0.04396,
KCNN4,5.0,0.61557,2.0,10.0,37.403,5.0,0.1,149.58889,10.8069,4618.0,1572808.0,0.04444,
MMP9,23321.0,0.78445,32.0,66.0,277.929,31.0,0.125,233.56071,12.19828,15737.6634,1.68088E7,0.1324,
EFEMP1,1.0,0.0,1.0,2.0,18.658,1.0,0.09091,112.62146,9.60862,0.0,0.0,0.0,
HLA-DQA2,3.0,0.61557,2.0,6.0,31.579,2.0,0.08333,117.01595,9.76034,1158.0,2318720.0,0.13333,
SCN4A,4.0,0.61795,3.0,6.0,46.762,1.0,0.1,148.50556,10.80345,239.59804,214936.0,0.26667,
NR3C2,5.0,0.61557,2.0,10.0,130.649,3.0,0.1,166.7996,11.26552,2451.00519,940096.0,0.08889,
GFRA1,2.0,0.0,1.0,4.0,35.311,1.0,0.09091,137.4544,10.55862,29.1217,3624.0,0.0,
SCUBE2,1.0,0.0,1.0,2.0,13.836,1.0,0.09091,128.13892,10.29138,0.0,0.0,0.0,
NMNAT2,1.0,0.0,1.0,2.0,42.058,1.0,0.1,149.92698,10.92586,0.0,0.0,0.0,
STRA6,4.0,0.61557,2.0,8.0,62.992,4.0,0.1,154.06627,10.93966,1324.15447,312872.0,0.07143,
EBF3,1.0,0.0,1.0,2.0,16.385,1.0,0.09091,124.56512,10.15,0.0,0.0,0.0,
RGN,1.0,0.0,1.0,2.0,36.32,1.0,0.1,146.92222,10.7931,0.0,0.0,0.0,
HSPB8,7.0,0.56839,4.0,10.0,36.271,1.0,0.1,138.11389,10.53276,222.24807,74072.0,0.13333,
CRYAB,2.0,0.61557,2.0,4.0,30.989,1.0,0.1,131.43294,10.35517,0.0,0.0,0.33333,
AKAP12,3.0,0.0,1.0,6.0,81.379,3.0,0.1,162.36389,11.13448,873.65435,362328.0,0.0,
EBF2,3.0,0.61557,2.0,6.0,67.861,2.0,0.1,159.77579,11.13448,345.3163,170368.0,0.13333,
DCLK1,1.0,0.0,1.0,2.0,33.888,1.0,0.1,146.92222,10.7931,0.0,0.0,0.0,
AGTR1,6.0,0.56839,4.0,8.0,138.882,1.0,0.1,163.48294,11.13793,231.5684,108856.0,0.21429,
PLAAT3,4.0,0.61557,2.0,8.0,9.383,3.0,0.08333,107.49729,9.29138,2314.0,2864424.0,0.07143,
ZNF423,5.0,0.61795,3.0,8.0,85.081,2.0,0.1,161.09246,11.14828,1167.79201,265600.0,0.14286,
CRABP2,1.0,0.0,1.0,2.0,2.629,1.0,0.07692,89.74918,8.2931,0.0,0.0,0.0,
GPRASP1,1.0,0.0,1.0,2.0,16.492,1.0,0.09091,121.95956,10.02931,0.0,0.0,0.0,
IKZF3,2.0,0.61557,2.0,4.0,36.806,1.0,0.09091,131.24964,10.33966,0.0,0.0,0.33333,
OXTR,2.0,0.0,1.0,4.0,91.436,1.0,0.1,175.92341,11.49828,48.45052,34472.0,0.0,
TIMP4,7.0,0.92693,3.0,8.0,124.382,2.0,0.11111,164.72063,11.22931,1416.43576,466968.0,0.21429,
MAPT,5.0,0.61557,2.0,10.0,108.557,8.0,0.1,184.38413,11.39483,4906.77991,1330664.0,0.04444,
TMTC1,3.0,0.0,1.0,6.0,42.666,1.0,0.09091,135.88773,10.46379,292.97139,61896.0,0.0,
AGT,850.0,0.87792,10.0,28.0,246.748,8.0,0.11111,202.08016,11.81552,5589.0327,1962608.0,0.12169,
ADRB2,6.0,0.61557,2.0,12.0,90.113,5.0,0.1,157.26746,11.02759,2699.53407,1045504.0,0.0303,
IQGAP2,2.0,0.61557,2.0,4.0,65.445,1.0,0.1,155.80556,10.97586,0.0,0.0,0.33333,
CFD,2.0,0.61557,2.0,4.0,91.86,1.0,0.1,153.41865,10.99483,0.0,0.0,0.33333,
CEBPA,610.0,0.79029,12.0,28.0,241.288,28.0,0.11111,206.09683,11.87586,7124.57793,3192224.0,0.14286,
RASD1,2.0,0.0,1.0,4.0,38.005,2.0,0.1,147.92222,10.80172,893.23091,232152.0,0.0,
LMX1B,2.0,0.0,1.0,4.0,36.207,1.0,0.09091,124.62464,10.10862,52.07815,23096.0,0.0,
PRG4,1.0,0.0,1.0,2.0,42.926,1.0,0.09091,139.04488,10.59655,0.0,0.0,0.0,
CHMP4C,2.0,0.61557,2.0,4.0,97.176,1.0,0.08333,150.05602,10.53276,0.0,0.0,0.33333,
IL6,3.9964398E7,0.53317,61.0,126.0,279.577,110.0,0.125,258.56071,12.38793,54678.02706,3.3793312E7,0.0734,
CAV2,2.0,0.61557,2.0,4.0,73.243,1.0,0.11111,164.93254,11.25862,0.0,0.0,0.33333,
S100A9,2.0,0.0,1.0,4.0,60.203,1.0,0.1,151.67698,10.93276,82.27765,10856.0,0.0,
LDB2,2.0,0.0,1.0,4.0,22.458,1.0,0.09091,128.13416,10.21379,126.81733,68536.0,0.0,
PYGL,4.0,0.0,1.0,8.0,41.326,4.0,0.1,149.17222,10.8069,3762.29362,1758384.0,0.0,
IGF1,51193.0,0.97405,30.0,62.0,279.044,6.0,0.11111,230.9373,12.17069,7652.5642,4467112.0,0.16711,
NDN,2.0,0.0,1.0,4.0,95.974,1.0,0.09091,164.32702,11.17069,120.40069,59608.0,0.0,
CIDEC,246.0,1.1708,7.0,14.0,191.947,2.0,0.1,169.27579,11.27931,204.06205,201320.0,0.35165,
RYR1,5.0,0.61557,2.0,10.0,83.496,3.0,0.1,168.26865,11.27069,3583.33724,1062280.0,0.04444,
CACNA2D1,1.0,0.0,1.0,2.0,16.631,1.0,0.09091,128.54726,10.27241,0.0,0.0,0.0,
OLR1,1.0,0.0,1.0,2.0,51.926,1.0,0.1,150.34365,10.91724,0.0,0.0,0.0,
MYBL2,9.223372036854777E13,2.05319,23.0,46.0,276.933,2.0,0.09091,189.61035,11.37931,47.93532,61368.0,0.40966,
RBP4,8.0,0.92693,3.0,10.0,130.358,2.0,0.1,160.25198,11.12586,962.35153,316512.0,0.17778,
CLEC7A,2.0,0.0,1.0,4.0,61.564,3.0,0.1,152.38413,10.95172,302.73409,123176.0,0.0,
LEPR,122.0,1.04608,6.0,12.0,200.439,1.0,0.11111,188.53016,11.6431,51.53594,39904.0,0.33333,
FAM83D,3.99168E7,1.86649,11.0,22.0,250.924,1.0,0.09091,179.67702,11.26379,0.0,0.0,0.47619,
SLPI,1.0,0.0,1.0,2.0,33.752,1.0,0.1,140.23889,10.65345,0.0,0.0,0.0,
SLC2A4,751.0,1.15725,10.0,22.0,231.062,1.0,0.1,183.74246,11.51724,1193.6416,648048.0,0.25108,
OLFM4,1.0,0.0,1.0,2.0,32.833,1.0,0.1,140.23889,10.65345,0.0,0.0,0.0,
MLXIPL,3.0,0.61557,2.0,6.0,106.207,1.0,0.1,151.28651,10.89828,31.28364,20112.0,0.13333,
HMGA1,1.0,0.0,1.0,2.0,51.923,1.0,0.1,157.50913,11.10517,0.0,0.0,0.0,
LEP,1748.0,0.62951,23.0,46.0,268.418,11.0,0.11111,213.57063,11.97931,7325.06566,3887776.0,0.1256,
HLA-DQB2,1.0,0.0,1.0,2.0,6.703,1.0,0.07692,96.55712,8.76207,0.0,0.0,0.0,
COL6A6,1.0,0.0,1.0,2.0,39.359,1.0,0.1,141.57341,10.68448,0.0,0.0,0.0,
IRS1,922.0,0.63868,20.0,44.0,273.236,26.0,0.11111,228.9873,12.17586,13668.15322,7093256.0,0.10994,
COL4A6,1.0,0.0,1.0,2.0,37.208,1.0,0.1,141.57341,10.68448,0.0,0.0,0.0,
EMCN,5.0,0.61557,2.0,10.0,135.878,2.0,0.1,167.11865,11.23793,270.62926,82392.0,0.04444,
MEX3A,1.0,0.0,1.0,2.0,9.763,1.0,0.09091,116.20916,9.8,0.0,0.0,0.0,
PLIN1,974.0,1.11989,11.0,26.0,234.81,5.0,0.11111,180.50635,11.45862,5322.65819,3195752.0,0.20308,
SOX5,2.0,0.0,1.0,4.0,47.107,2.0,0.09091,136.32583,10.43621,353.34471,195896.0,0.0,
CD300LG,2.0,0.61557,2.0,4.0,66.964,1.0,0.1,147.17937,10.78966,0.0,0.0,0.33333,
FABP4,722.0,1.19332,9.0,18.0,226.92,2.0,0.1,174.54246,11.35862,354.88173,427480.0,0.3268,
PTHLH,2.0,0.0,1.0,4.0,87.689,1.0,0.1,156.28651,10.97931,22.93628,16408.0,0.0,
NCAM2,1.0,0.0,1.0,2.0,9.338,1.0,0.09091,111.20678,9.56034,0.0,0.0,0.0,
CHEK1,9.223372036854777E13,1.66206,56.0,112.0,279.427,5.0,0.09091,211.34369,11.51552,1847.31761,1016088.0,0.25064,
LIPE,1215.0,0.8108,14.0,30.0,228.722,5.0,0.1,182.40913,11.47414,5033.61883,2931864.0,0.16552,
SERPINE1,2930.0,0.90668,17.0,34.0,263.416,1.0,0.11111,206.50397,11.86379,1712.94634,1034048.0,0.19964,
ADIPOQ,2218.0,0.89618,18.0,36.0,262.889,5.0,0.11111,200.93016,11.77241,2883.20282,1447632.0,0.19365,
MUC1,16.0,0.64826,5.0,22.0,193.61,6.0,0.11111,200.20397,11.82931,5087.73056,1607120.0,0.06061,
CDC25A,1.223878344E9,1.62214,25.0,50.0,277.472,1.0,0.09091,193.34369,11.43276,365.24212,258056.0,0.3151,
CD209,2.0,0.61557,2.0,4.0,86.625,1.0,0.11111,174.19683,11.41552,0.0,0.0,0.33333,
MAOA,32.0,0.62053,9.0,18.0,101.032,4.0,0.1,156.33651,10.9569,2140.27608,2596312.0,0.16993,
CDKN2A,27544.0,1.1846,16.0,40.0,271.076,9.0,0.1,209.25675,11.79655,5604.50562,2671264.0,0.16923,
MAOB,32.0,0.62053,9.0,18.0,101.597,1.0,0.1,156.33651,10.9569,2140.27608,2596312.0,0.16993,
ZFP36,24.0,1.13679,4.0,8.0,129.4,1.0,0.1,156.95913,11.06034,0.0,0.0,0.42857,
CD3G,8.0,0.75786,4.0,8.0,77.949,3.0,0.09091,131.0917,10.22759,388.51357,1159152.0,0.28571,
PTN,4.0,0.61557,2.0,8.0,72.983,2.0,0.1,154.78651,10.93621,1202.30553,709176.0,0.07143,
KRT16,1.0,0.0,1.0,2.0,4.394,1.0,0.08333,99.15602,8.92414,0.0,0.0,0.0,
GSTM3,8.0,0.75786,4.0,8.0,40.645,1.0,0.1,145.81032,10.76552,195.81825,114784.0,0.28571,
UBE2S,4.79364505E8,1.73422,14.0,30.0,263.122,1.0,0.09091,187.45083,11.3931,2213.97286,3124912.0,0.35402,
SLAMF6,1.0,0.0,1.0,2.0,42.138,1.0,0.09091,128.57504,10.20345,0.0,0.0,0.0,
GSTM5,8.0,0.75786,4.0,8.0,39.716,1.0,0.1,145.81032,10.76552,195.81825,114784.0,0.28571,
PLN,2.0,0.0,1.0,4.0,37.413,2.0,0.09091,144.32583,10.7,1158.0,415432.0,0.0,
SLAMF7,2.0,0.61557,2.0,4.0,74.911,1.0,0.1,151.92698,10.95345,0.0,0.0,0.33333,
ATP1A2,1.0,0.0,1.0,2.0,12.07,1.0,0.08333,114.50047,9.70172,0.0,0.0,0.0,
ALDH1A2,12.0,0.94732,4.0,8.0,49.201,1.0,0.1,127.00119,10.08621,15.95927,4744.0,0.35714,
ADH1B,20.0,0.76079,6.0,16.0,78.019,1.0,0.1,135.66667,10.33276,611.86455,269512.0,0.15,
CD7,33.0,0.85588,6.0,14.0,170.29,2.0,0.1,167.79365,11.23103,1300.6878,712000.0,0.1978,
NR4A1,992.0,1.11735,10.0,20.0,193.506,6.0,0.1,177.02579,11.41897,1089.63804,470392.0,0.29474,
CTHRC1,1.0,0.0,1.0,2.0,49.286,1.0,0.1,147.05437,10.8,0.0,0.0,0.0,
CDH23,3.0,0.61557,2.0,6.0,1.701,2.0,0.07692,66.44467,5.7931,1158.0,1.4652928E7,0.13333,
ADGRV1,1.0,0.0,1.0,2.0,1.314,1.0,0.07143,58.97118,4.79483,0.0,0.0,0.0,
NR4A2,127.0,1.14118,6.0,14.0,163.008,2.0,0.1,158.87579,11.07069,1195.72133,514984.0,0.26374,
CD3D,10.0,0.64826,5.0,10.0,102.897,3.0,0.09091,147.32583,10.75345,2011.80827,2418968.0,0.22222,
ANK2,15.0,0.43905,7.0,20.0,85.199,3.0,0.1,161.11151,11.02586,4111.7366,1781656.0,0.06316,
EGR3,1464.0,1.34123,8.0,16.0,170.055,1.0,0.1,159.37579,11.07241,118.1517,133800.0,0.38333,
ITGA7,35.0,1.13679,4.0,28.0,197.976,24.0,0.11111,192.7873,11.68276,10441.65528,3432496.0,0.04762,
ANKRD29,1.0,0.0,1.0,2.0,9.001,1.0,0.09091,117.32742,9.81552,0.0,0.0,0.0,
FOS,1809.0,0.73458,18.0,38.0,249.725,10.0,0.11111,214.22063,11.99655,7875.07468,1903672.0,0.14225,
TMOD1,2.0,0.61557,2.0,4.0,24.502,1.0,0.09091,124.06631,10.03103,0.0,0.0,0.33333,
ADD2,5.0,0.61795,3.0,8.0,48.692,2.0,0.1,149.67222,10.81379,1495.00399,627872.0,0.14286,
FOSB,1734.0,1.18776,11.0,22.0,188.05,1.0,0.1,161.12579,11.08103,146.56721,159104.0,0.30303,
PCOLCE2,1.0,0.0,1.0,2.0,47.546,1.0,0.1,147.05437,10.8,0.0,0.0,0.0,
EGR2,1465.0,1.34123,8.0,18.0,181.665,2.0,0.1,166.70913,11.22414,796.21664,358424.0,0.30065,
NTRK2,11790.0,1.03602,14.0,32.0,255.591,3.0,0.1,185.96627,11.51034,2716.06484,1741904.0,0.18548,
ADCYAP1R1,1.0,0.0,1.0,2.0,55.268,1.0,0.09091,137.24726,10.51207,0.0,0.0,0.0,
EGR1,1735.0,0.83332,14.0,30.0,229.854,2.0,0.11111,197.53016,11.73966,3942.65394,1150176.0,0.17011,
KLB,12.0,0.94732,4.0,8.0,158.335,1.0,0.1,160.85317,11.0931,0.11111,8.0,0.35714,
LAMA3,4.0,0.61557,2.0,8.0,77.036,7.0,0.1,149.51865,10.83966,2886.66651,1987912.0,0.07143,
DUSP1,168.0,1.1708,7.0,14.0,176.412,1.0,0.11111,178.06349,11.4431,210.33592,99512.0,0.35165,
ATF3,1704.0,1.23706,10.0,20.0,199.473,6.0,0.11111,180.23016,11.4569,726.03459,338304.0,0.32632,
DST,6.0,0.56839,4.0,8.0,23.834,5.0,0.09091,122.71869,9.98448,928.03168,1157416.0,0.21429,
CBX2,25.0,1.13679,4.0,10.0,182.027,1.0,0.09091,173.14607,11.16207,47.63129,28464.0,0.26667,
DSG3,7.0,0.56839,4.0,10.0,18.705,3.0,0.08333,123.41198,9.94655,1136.67575,592776.0,0.13333,
LTB,1.0,0.0,1.0,2.0,47.913,1.0,0.1,146.02937,10.76897,0.0,0.0,0.0,
COL17A1,4.0,0.61795,3.0,6.0,23.788,1.0,0.09091,121.96869,9.97931,181.98905,154536.0,0.26667,
ADRA2A,1.0,0.0,1.0,2.0,15.997,1.0,0.09091,124.87504,10.07586,0.0,0.0,0.0,
HELLS,271.0,1.10798,8.0,18.0,226.757,2.0,0.09091,170.25202,11.00345,348.11229,547752.0,0.24837,
KLF2,6.0,0.92693,3.0,6.0,105.0,1.0,0.1,149.84603,10.82586,0.0,0.0,0.4,
OGN,12.0,0.77792,5.0,10.0,113.779,2.0,0.1,148.98056,10.76724,131.61904,94112.0,0.26667,
GNG11,2.0,0.61557,2.0,4.0,23.568,1.0,0.09091,127.59051,10.15172,0.0,0.0,0.33333,
SPARCL1,1.0,0.0,1.0,2.0,15.101,1.0,0.09091,120.42861,9.93793,0.0,0.0,0.0,
ADCY5,10.0,0.61557,2.0,20.0,79.017,8.0,0.1,163.51984,11.07414,4577.15243,2080000.0,0.03158,
CALML5,32.0,0.43905,7.0,50.0,178.131,47.0,0.11111,204.74683,11.79138,39347.38737,1.324768E7,0.01959,
CDC6,9.223372036854777E13,1.74828,49.0,98.0,279.427,1.0,0.09091,208.11035,11.51897,836.08597,640328.0,0.27477,
MRC1,15.0,0.75786,4.0,16.0,222.466,2.0,0.11111,207.58016,11.88448,6922.15897,5713240.0,0.11667,
PRELP,10.0,0.75786,4.0,12.0,96.05,2.0,0.1,141.24127,10.58103,1181.65341,844904.0,0.12121,
RAPGEF3,5.0,0.61795,3.0,8.0,48.01,1.0,0.09091,137.04131,10.47931,216.24972,168400.0,0.14286,
PTK7,1.0,0.0,1.0,2.0,1.603,1.0,0.08333,88.35602,8.17069,0.0,0.0,0.0,
ATAD2,59.0,0.71599,9.0,20.0,238.679,2.0,0.1,196.78294,11.67586,1222.50629,1287664.0,0.15789,
MFAP4,8.0,0.92693,3.0,10.0,91.812,2.0,0.1,142.24127,10.6069,1176.43578,952776.0,0.13333,
GNAL,5.0,0.61557,2.0,10.0,52.054,2.0,0.09091,139.54845,10.53621,567.54281,222344.0,0.04444,
MOCS1,4.0,0.0,1.0,8.0,45.324,1.0,0.09091,132.53892,10.26552,688.45172,272128.0,0.0,
STIL,5044.0,1.28292,8.0,20.0,225.552,2.0,0.09091,173.92345,11.09655,1164.50203,437480.0,0.23158,
PKP3,3.0,0.61557,2.0,6.0,39.914,7.0,0.09091,146.65916,10.73621,4282.94258,3357408.0,0.13333,
FERMT1,1.0,0.0,1.0,2.0,11.95,1.0,0.09091,128.44607,10.30517,0.0,0.0,0.0,
PDE2A,3.0,0.0,1.0,6.0,29.206,1.0,0.09091,126.20837,10.08276,38.26079,32456.0,0.0,
DDR2,2.0,0.61557,2.0,4.0,68.793,1.0,0.1,147.8877,10.80517,0.0,0.0,0.33333,
WDR62,3.0,0.61557,2.0,6.0,100.824,1.0,0.08333,149.98936,10.53793,19.24049,2032.0,0.13333,
PDE1C,5.0,0.61795,3.0,8.0,57.038,2.0,0.1,150.58889,10.83276,932.98366,342640.0,0.14286,
PRSS8,2.0,0.0,1.0,4.0,25.845,1.0,0.1,122.57738,9.99655,5.07121,1176.0,0.0,
COL14A1,33.0,0.65858,7.0,20.0,198.221,2.0,0.11111,185.26349,11.55862,3802.54961,2509384.0,0.10526,
PDE3B,5.0,0.61795,3.0,8.0,37.129,1.0,0.09091,127.8917,10.12759,56.14407,36800.0,0.14286,
KRT6B,3.0,0.0,1.0,6.0,14.455,2.0,0.09091,120.9544,9.92241,1483.9684,814264.0,0.0,
PRKAR2B,4.0,0.0,1.0,8.0,96.552,1.0,0.09091,172.20678,11.17931,4623.07811,1817584.0,0.0,
ADCY1,8.0,0.61557,2.0,16.0,79.104,1.0,0.1,162.35317,11.06897,2488.92175,1369008.0,0.03333,
MFAP5,12.0,0.94732,4.0,8.0,86.314,1.0,0.1,140.5746,10.58966,1.33333,24.0,0.35714,
TGFBR2,8.0,0.92693,3.0,10.0,113.932,4.0,0.1,175.81865,11.42931,718.60585,469320.0,0.13333,
ADAMTS5,2.0,0.0,1.0,4.0,81.198,1.0,0.1,150.76151,10.87586,14.76101,12472.0,0.0,
COL2A1,18.0,0.51223,7.0,22.0,192.39,3.0,0.1,174.02103,11.27759,2405.54916,1465040.0,0.06061,
HJURP,9.223372036854777E13,2.37583,68.0,136.0,279.427,8.0,0.09091,216.61035,11.52759,1620.44392,909432.0,0.33747,
MYCL,1.0,0.0,1.0,2.0,24.32,1.0,0.09091,134.84726,10.49483,0.0,0.0,0.0,
MMP11,3.0,0.61557,2.0,6.0,83.218,1.0,0.1,142.82817,10.66552,26.54398,2048.0,0.13333,
FBN2,12.0,0.77792,5.0,10.0,121.915,3.0,0.1,175.26865,11.41897,454.55217,233968.0,0.26667,
SPINT1,4.0,0.61557,2.0,8.0,69.938,1.0,0.1,152.46984,10.88448,1052.3315,1185608.0,0.07143,
FN1,31080.0,0.58127,46.0,96.0,279.577,59.0,0.11111,255.67063,12.38793,50121.76205,2.6391736E7,0.08553,
LIFR,14.0,0.77792,5.0,10.0,142.955,2.0,0.11111,181.18016,11.50862,588.51539,251536.0,0.26667,
COL10A1,7.0,0.56839,4.0,10.0,125.784,1.0,0.1,150.47103,10.82241,55.00806,10920.0,0.13333,
PTTG1,9.223372036854777E13,2.67095,53.0,106.0,279.427,1.0,0.09091,206.0175,11.43621,161.49796,229152.0,0.4097,
CRLF1,2.0,0.61557,2.0,4.0,53.192,1.0,0.1,136.26984,10.51207,0.0,0.0,0.33333,
BGN,140.0,0.78053,11.0,22.0,218.977,2.0,0.1,184.80198,11.52931,681.25756,318368.0,0.19913,
LAMA2,3.0,0.61557,2.0,6.0,55.237,2.0,0.1,147.25675,10.79828,1158.0,415552.0,0.13333,
MMP3,1377.0,0.96846,14.0,30.0,260.256,2.0,0.11111,200.12063,11.76897,1875.18854,701888.0,0.1977,
KIFC1,9.223372036854777E13,2.63819,47.0,94.0,279.427,1.0,0.09091,201.14369,11.38966,73.91723,124424.0,0.42004,
SYN2,2.0,0.0,1.0,4.0,24.341,1.0,0.1,129.62579,10.32241,377.90048,159112.0,0.0,
CNTFR,14.0,0.77792,5.0,10.0,141.973,1.0,0.11111,181.18016,11.50862,588.51539,251536.0,0.26667,
PGM5,2.0,0.0,1.0,4.0,24.9,1.0,0.09091,127.82702,10.17414,82.14027,17496.0,0.0,
UBE2T,4.4481130047384E13,1.80705,25.0,50.0,277.136,1.0,0.09091,182.72345,11.12931,178.13586,89144.0,0.35102,
ADAMTS4,12.0,0.57059,6.0,12.0,172.812,2.0,0.1,179.00198,11.46897,261.76611,167256.0,0.18182,
NOS1AP,2.0,0.0,1.0,4.0,13.859,1.0,0.09091,121.02821,9.97241,117.13139,8392.0,0.0,
ZWINT,9.223372036854777E13,2.36341,64.0,128.0,279.427,2.0,0.09091,212.74369,11.47241,314.43079,283952.0,0.34203,
INHBB,2.0,0.61557,2.0,4.0,10.122,1.0,0.08333,110.91356,9.52414,0.0,0.0,0.33333,
BMP4,37.0,0.62053,9.0,24.0,211.747,5.0,0.1,184.1996,11.51207,6024.14149,3750024.0,0.0942,
HPN,2.0,0.61557,2.0,4.0,65.902,1.0,0.1,151.46984,10.88103,0.0,0.0,0.33333,
TK1,9.223372036854777E13,2.1931,36.0,72.0,279.427,1.0,0.09091,192.77345,11.25345,141.96758,129368.0,0.3795,
NAV3,1.0,0.0,1.0,2.0,20.309,1.0,0.09091,120.39369,9.93448,0.0,0.0,0.0,
INHBA,2.0,0.61557,2.0,4.0,9.497,1.0,0.08333,110.91356,9.52414,0.0,0.0,0.33333,
ACVR1C,3.0,0.61557,2.0,6.0,36.942,3.0,0.09091,138.11392,10.52069,2312.0,1792496.0,0.13333,
CKS2,9.223372036854777E13,1.99096,24.0,48.0,278.331,1.0,0.09091,187.42702,11.29828,49.21276,50024.0,0.39184,
KIF18B,9.223372036854777E13,2.44008,28.0,56.0,279.427,1.0,0.09091,178.33535,10.99655,1.68663,320.0,0.45714,
MYH11,49.0,1.16687,5.0,12.0,72.372,2.0,0.09091,139.54964,10.5431,257.11904,47440.0,0.27273,
TAGLN,26.0,0.90757,5.0,10.0,87.19,2.0,0.1,155.12817,10.97069,621.86431,325816.0,0.31111,
SEMA3B,3.0,0.0,1.0,6.0,53.657,6.0,0.1,152.71984,10.8931,5758.0,5415928.0,0.0,
COL1A1,272.0,0.54042,20.0,44.0,256.693,8.0,0.11111,204.72063,11.79828,9464.31519,3236088.0,0.09302,
CNN1,51.0,0.95098,6.0,14.0,85.882,2.0,0.1,155.27103,10.93276,1921.66568,732360.0,0.21978,
DTL,9.223372036854777E13,1.95345,34.0,68.0,279.13,1.0,0.09091,188.02345,11.15517,41.30443,22136.0,0.34416,
MYLK,26.0,0.90757,5.0,10.0,76.281,1.0,0.1,154.27103,10.92931,590.60777,249016.0,0.31111,
LMOD1,48.0,1.16687,5.0,10.0,61.814,1.0,0.09091,131.89607,10.28621,0.5,8.0,0.4,
FBN1,86.0,0.61311,13.0,26.0,214.54,3.0,0.11111,187.26349,11.57241,2926.63213,1569136.0,0.14769,
ACTA2,52.0,0.80493,7.0,14.0,117.528,1.0,0.1,157.86151,11.0,1261.85809,586976.0,0.24176,
KNL1,9.223372036854777E13,2.34684,36.0,72.0,279.427,1.0,0.09091,188.09012,11.15517,24.65246,22824.0,0.4061,
FADS2,3.0,0.61557,2.0,6.0,25.085,4.0,0.09091,129.24369,10.24138,3186.43313,3101504.0,0.13333,
AOX1,20.0,0.76079,6.0,16.0,71.312,2.0,0.1,137.83333,10.40172,1659.91345,1391360.0,0.13333,
ALDH2,13.0,0.94732,4.0,10.0,61.3,1.0,0.09091,129.25599,10.16034,468.10067,868712.0,0.22222,
CDKN3,9.223372036854777E13,2.58934,47.0,94.0,279.427,1.0,0.09091,203.47702,11.42241,176.0443,98288.0,0.41226,
ACSS3,2.0,0.0,1.0,4.0,28.146,1.0,0.09091,111.48218,9.47069,7.09048,1512.0,0.0,
CDCA2,9.223372036854777E13,2.52903,40.0,82.0,279.427,1.0,0.09091,189.55678,11.13276,834.37793,1717896.0,0.40289,
LPL,883.0,0.91966,13.0,32.0,241.267,17.0,0.11111,194.50397,11.66552,13068.18155,5819192.0,0.14919,
KIF15,9.223372036854777E13,2.67282,57.0,114.0,279.427,1.0,0.09091,206.51035,11.39655,108.12241,218760.0,0.40087,
CD36,683.0,0.73588,16.0,38.0,261.54,10.0,0.11111,209.88016,11.91552,9140.26813,3195760.0,0.11664,
SPAG5,9.223372036854777E13,2.80421,50.0,100.0,279.427,1.0,0.09091,203.22702,11.40345,51.60076,94312.0,0.43798,
SELENOP,3.0,0.0,1.0,6.0,28.191,2.0,0.1,145.31746,10.7931,1359.28576,360504.0,0.0,
CLEC3B,1.0,0.0,1.0,2.0,4.694,1.0,0.09091,115.24766,9.79483,0.0,0.0,0.0,
CDC7,2.1814128E8,1.74408,20.0,40.0,275.129,1.0,0.09091,182.39369,11.19655,47.64735,38288.0,0.3641,
SOX11,2.0,0.0,1.0,4.0,58.173,1.0,0.08333,136.75483,10.36379,299.17081,166200.0,0.0,
PPARG,2533.0,0.60468,27.0,56.0,274.355,10.0,0.11111,224.47063,12.10345,20250.48029,9048176.0,0.10649,
MGLL,10.0,0.64826,5.0,10.0,114.766,1.0,0.1,149.79484,10.82586,163.84684,123240.0,0.22222,
LIPG,13.0,0.77792,5.0,12.0,110.668,2.0,0.1,146.91151,10.70862,1197.47962,806632.0,0.18182,
TFPI2,1.0,0.0,1.0,2.0,40.459,1.0,0.1,141.50556,10.68621,0.0,0.0,0.0,
DGAT2,8.0,0.61795,3.0,14.0,133.407,1.0,0.09091,143.42464,10.57586,326.18908,114456.0,0.08791,
MAD2L1,9.223372036854777E13,2.33854,69.0,138.0,279.427,2.0,0.09091,216.42702,11.50345,316.18811,407192.0,0.33069,
ACOX2,1.0,0.0,1.0,2.0,31.091,1.0,0.09091,128.27702,10.2569,0.0,0.0,0.0,
CCNB2,9.223372036854777E13,2.04331,84.0,168.0,279.427,2.0,0.09091,226.44369,11.59138,2049.88892,1213136.0,0.27203,
CXCL12,5.19316424E8,0.97515,33.0,66.0,279.299,10.0,0.11111,226.90397,12.1,7303.61151,4385776.0,0.17343,
F13A1,2.0,0.61557,2.0,4.0,90.165,1.0,0.11111,175.13254,11.45172,0.0,0.0,0.33333,
SPC25,9.223372036854777E13,2.53381,41.0,82.0,279.427,1.0,0.09091,192.69012,11.20345,19.84713,18632.0,0.42096,
CXCL11,5.19281426E8,1.48955,17.0,34.0,267.217,1.0,0.11111,187.83016,11.52931,604.47714,365776.0,0.32799,
PPP1R3C,1.0,0.0,1.0,2.0,3.805,1.0,0.08333,97.22666,8.81379,0.0,0.0,0.0,
SEMA3E,1.0,0.0,1.0,2.0,2.792,1.0,0.08333,99.24452,8.9069,0.0,0.0,0.0,
CDCA5,9.223372036854777E13,2.47837,58.0,116.0,279.427,1.0,0.09091,208.22702,11.42931,145.95894,226032.0,0.36972,
GYG2,2.0,0.0,1.0,4.0,9.651,2.0,0.09091,117.72742,9.81207,1158.0,794072.0,0.0,
CXCL10,5.1929757E8,0.88816,29.0,58.0,275.566,5.0,0.11111,199.49683,11.64483,6527.59818,5449344.0,0.16455,
SEMA6D,1.0,0.0,1.0,2.0,3.863,1.0,0.08333,99.24452,8.9069,0.0,0.0,0.0,
CXCL9,5.19291514E8,1.25279,20.0,40.0,270.723,1.0,0.11111,191.59683,11.56724,3168.19764,3631808.0,0.26154,
SEMA3C,1.0,0.0,1.0,2.0,3.1,1.0,0.08333,99.24452,8.9069,0.0,0.0,0.0,
CCL21,4.79374801E8,1.59741,16.0,34.0,265.434,1.0,0.1,181.25198,11.40172,381.21794,214568.0,0.31729,
PLXNA4,4.0,0.0,1.0,8.0,9.725,4.0,0.09091,121.30004,9.90517,3468.0,4062000.0,0.0,
ACKR3,120.0,1.29653,5.0,10.0,176.753,1.0,0.1,164.50198,11.18448,0.0,0.0,0.44444,
KIF18A,9.223372036854777E13,2.53398,43.0,86.0,279.427,1.0,0.09091,191.42345,11.16552,27.58671,42280.0,0.41477,
NDC80,9.223372036854777E13,2.50275,60.0,120.0,279.427,2.0,0.1,224.96627,11.80172,4822.64189,5425688.0,0.36947,
CCL5,5.19297664E8,0.99857,26.0,52.0,278.211,9.0,0.11111,202.14683,11.69655,2337.09412,1631520.0,0.19155,
KLF4,4.0,0.0,1.0,8.0,125.788,2.0,0.1,178.78294,11.4931,1358.69304,358992.0,0.0,
PKMYT1,166320.0,1.66287,11.0,22.0,252.003,1.0,0.09091,173.49012,11.07241,3.00427,3344.0,0.42424,
CXCL8,5.18934615E8,0.80941,36.0,74.0,278.49,7.0,0.11111,219.21349,11.91379,7109.35054,3019112.0,0.13254,
ACKR1,2.0,0.61557,2.0,4.0,95.077,1.0,0.1,154.91984,10.93793,0.0,0.0,0.33333,
ESPL1,9.223372036854777E13,2.43081,59.0,118.0,279.427,1.0,0.09091,211.8175,11.51897,1135.95422,712640.0,0.36071,
PLPP2,12.0,0.61795,3.0,16.0,85.662,6.0,0.1,147.57817,10.70862,3794.6367,2060728.0,0.08333,
TROAP,9.223372036854777E13,2.18275,27.0,54.0,278.31,1.0,0.09091,181.97226,11.1069,37.23443,30744.0,0.4137,
SGPP2,6.0,0.92693,3.0,6.0,23.989,1.0,0.09091,117.58535,9.75172,0.0,0.0,0.4,
CLDN7,18.0,0.90757,5.0,10.0,71.663,2.0,0.125,146.04048,10.74828,259.11285,526296.0,0.31111,
GINS2,83544.0,1.2819,15.0,30.0,270.697,1.0,0.09091,168.40202,10.86207,13.15641,3816.0,0.29425,
UGT8,6.0,0.92693,3.0,6.0,27.895,1.0,0.09091,117.58535,9.75172,0.0,0.0,0.4,
NCAPG,9.223372036854777E13,2.50407,67.0,134.0,279.427,1.0,0.09091,212.27702,11.42586,367.86123,394504.0,0.35731,
S1PR1,7.0,0.92693,3.0,8.0,104.827,2.0,0.1,151.22937,10.84138,1098.60062,880792.0,0.21429,
ACER2,7.0,0.92693,3.0,8.0,38.854,1.0,0.09091,126.45202,10.06724,319.03795,143128.0,0.21429,
SCD,9.0,0.56839,4.0,14.0,135.906,7.0,0.1,165.57579,11.2069,5014.23966,3904960.0,0.06593,
MCM2,2.9314440126E10,1.4285,31.0,62.0,278.374,2.0,0.09091,190.34369,11.24655,745.06778,642720.0,0.25912,
ACSL1,16.0,0.66569,6.0,16.0,155.344,2.0,0.1,168.44246,11.25517,2363.71281,1156536.0,0.11667,
H4C8,733.0,0.7981,10.0,26.0,249.867,2.0,0.09091,175.51512,11.12414,1735.34533,1532928.0,0.12308,
ACACB,2.0,0.0,1.0,4.0,56.564,1.0,0.09091,131.43416,10.32069,9.54545,1128.0,0.0,
CLDN4,66.0,1.02445,7.0,14.0,84.446,1.0,0.125,147.43929,10.76379,503.92936,741336.0,0.30769,
CDCA7,2.0,0.0,1.0,4.0,89.323,1.0,0.08333,138.93856,10.24138,0.66667,8.0,0.0,
MDK,3.0,0.61557,2.0,6.0,70.597,1.0,0.1,150.26389,10.82931,123.94455,29216.0,0.13333,
TONSL,7.0,0.92693,3.0,8.0,133.539,1.0,0.08333,150.03936,10.61379,24.36614,9112.0,0.21429,
PROM1,34.0,0.64826,5.0,18.0,182.901,6.0,0.11111,189.63254,11.62586,4628.76152,1424648.0,0.14379,
CDC45,9.223372036854777E13,1.90894,74.0,148.0,279.427,1.0,0.1,226.9996,11.71897,4263.62538,3709392.0,0.2642,
ALDH1A1,21.0,0.75786,4.0,18.0,105.085,4.0,0.11111,155.93611,10.93103,3142.45557,1063688.0,0.11765,
CLDN3,66.0,1.02445,7.0,14.0,81.347,1.0,0.125,147.43929,10.76379,503.92936,741336.0,0.30769,
ABCG2,2.0,0.61557,2.0,4.0,53.572,1.0,0.1,142.78175,10.67759,0.0,0.0,0.33333,
CLSPN,1.4726988E7,1.27743,21.0,42.0,275.881,1.0,0.1,190.4496,11.41379,907.33893,729256.0,0.26249,
CLDN8,30.0,1.03722,5.0,10.0,53.334,1.0,0.11111,118.11349,9.78448,4.5,1280.0,0.35556,
CENPA,9.223372036854777E13,2.26086,73.0,146.0,279.427,3.0,0.09091,218.29369,11.50517,1528.12293,846824.0,0.31422,
JAM2,2.0,0.0,1.0,4.0,13.934,7.0,0.11111,115.39683,9.73966,6888.0,3.57162E7,0.0,
CLDN11,48.0,1.16687,5.0,10.0,62.28,1.0,0.125,143.53929,10.70517,198.75795,441288.0,0.4,
KLK6,1.0,0.0,1.0,2.0,1.272,1.0,0.07143,84.68007,7.8931,0.0,0.0,0.0,
CDCA3,9.223372036854777E13,2.53395,62.0,124.0,279.427,2.0,0.09091,210.76035,11.45345,250.61744,347880.0,0.37031,
CLDN1,49.0,1.16687,5.0,12.0,64.365,8.0,0.125,144.42976,10.71724,8220.75795,3.6615072E7,0.27273,
FOXM1,9.223372036854777E13,2.28828,59.0,118.0,279.427,2.0,0.1,225.1996,11.80517,4899.77304,5427960.0,0.33956,
SOD3,1.0,0.0,1.0,2.0,19.96,1.0,0.1,140.89365,10.68621,0.0,0.0,0.0,
EVPL,5.0,0.61795,3.0,8.0,16.809,3.0,0.08333,121.3215,9.88621,2439.72557,3043648.0,0.14286,
MCM10,9.223372036854777E13,1.616,54.0,108.0,279.427,1.0,0.1,211.21627,11.53966,2564.03978,2422744.0,0.24645,
BMP7,14.0,0.77792,5.0,10.0,155.591,1.0,0.1,179.15198,11.47586,162.18746,157664.0,0.26667,
A2ML1,2.0,0.0,1.0,4.0,2.698,2.0,0.07692,99.86545,8.89138,1158.0,1960152.0,0.0,
FGF10,4736.0,0.94026,18.0,36.0,273.003,1.0,0.11111,206.36349,11.83621,1338.86781,899896.0,0.20317,
GSTM2,6.0,0.92693,3.0,6.0,33.513,1.0,0.1,142.84365,10.71207,0.0,0.0,0.4,
GPAM,5.0,0.61795,3.0,8.0,86.431,2.0,0.1,160.85913,11.13793,1002.85466,371760.0,0.14286,
H2BC5,3.0,0.61557,2.0,6.0,108.606,1.0,0.09091,157.53059,10.77759,417.53373,69552.0,0.13333,
GPLD1,1.0,0.0,1.0,2.0,16.185,1.0,0.09091,115.41988,9.71034,0.0,0.0,0.0,
SPP1,1232.0,0.90134,15.0,30.0,266.436,1.0,0.11111,206.7373,11.86207,2254.9297,1215792.0,0.2069,
TRPV6,1.0,0.0,1.0,2.0,8.562,1.0,0.09091,117.17742,9.80862,0.0,0.0,0.0,
SOX17,1.0,0.0,1.0,2.0,39.032,1.0,0.09091,136.78059,10.51379,0.0,0.0,0.0,
PCSK5,4.0,0.61557,2.0,8.0,57.647,4.0,0.1,145.05198,10.70517,3141.44925,1401480.0,0.07143,
GPIHBP1,2.0,0.61557,2.0,4.0,53.952,1.0,0.1,143.25198,10.68621,0.0,0.0,0.33333,
SFN,29.0,1.13679,4.0,18.0,191.641,12.0,0.1,196.68294,11.69483,9617.13543,4755552.0,0.07843,
THSD7A,1.0,0.0,1.0,2.0,10.995,1.0,0.09091,119.30004,9.89483,0.0,0.0,0.0,
ASF1B,9.223372036854777E13,1.87134,26.0,52.0,278.867,1.0,0.09091,188.95559,11.28966,558.10991,564856.0,0.35897,
MSX2,3.0,0.61557,2.0,6.0,100.714,1.0,0.09091,153.73059,10.90172,35.76548,14656.0,0.13333,
KCNMB1,2.0,0.61557,2.0,4.0,8.238,1.0,0.09091,117.67742,9.81034,0.0,0.0,0.33333,
TGFBR3,4.0,0.0,1.0,8.0,66.499,2.0,0.09091,142.37107,10.62414,1032.7769,697136.0,0.0,
KCNMA1,2.0,0.61557,2.0,4.0,11.113,1.0,0.09091,117.67742,9.81034,0.0,0.0,0.33333,
FANCA,144.0,1.23628,6.0,12.0,188.322,1.0,0.09091,157.72821,10.78793,1.51469,128.0,0.39394,
KCNK5,1.0,0.0,1.0,2.0,7.537,1.0,0.09091,117.17742,9.80862,0.0,0.0,0.0,
POLQ,3.0,0.61557,2.0,6.0,118.721,1.0,0.09091,156.24488,10.79138,15.08869,9584.0,0.13333,
GPD1,2.0,0.0,1.0,4.0,26.788,1.0,0.09091,127.24131,10.18448,5.28571,104.0,0.0,
XRCC2,30.0,1.03722,5.0,10.0,169.5,1.0,0.09091,157.61154,10.78966,1.39971,304.0,0.35556,
JPH2,1.0,0.0,1.0,2.0,16.637,1.0,0.09091,128.54726,10.27241,0.0,0.0,0.0,
ERCC6L,4.377737548806E12,1.95634,23.0,46.0,276.629,1.0,0.09091,181.29012,11.11552,44.49618,31896.0,0.39034,
RUNX1T1,3.0,0.0,1.0,6.0,74.381,3.0,0.1,155.45079,11.02931,609.36069,155032.0,0.0,
RMI2,265.0,1.24398,7.0,16.0,206.327,2.0,0.09091,161.02821,10.81724,1161.06778,808552.0,0.28333,
BLM,390.0,1.03754,10.0,20.0,232.407,1.0,0.09091,166.51154,10.88621,35.21507,16184.0,0.27368,
ARHGAP11A,1.307674368E12,2.10312,15.0,30.0,266.031,1.0,0.09091,173.55678,11.02759,0.0,0.0,0.48276,
GATA3,10.0,0.51861,5.0,14.0,157.297,2.0,0.1,180.88294,11.52414,874.53711,223176.0,0.08791,
NRG2,24.0,1.13679,4.0,8.0,130.121,1.0,0.1,162.68532,11.14483,0.0,0.0,0.42857,
PDK4,2.0,0.0,1.0,4.0,55.195,1.0,0.09091,148.18892,10.85345,61.32189,18584.0,0.0,
ITIH5,1.0,0.0,1.0,2.0,17.77,1.0,0.09091,111.93813,9.58276,0.0,0.0,0.0,
NRG1,24.0,1.13679,4.0,8.0,141.535,1.0,0.1,162.68532,11.14483,0.0,0.0,0.42857,
TNXB,2.0,0.0,1.0,4.0,74.05,1.0,0.1,154.65198,10.96379,88.25135,37816.0,0.0,
AREG,34.0,0.64146,8.0,16.0,211.584,1.0,0.1,173.90198,11.33793,101.95698,45960.0,0.18333,
ESR1,2094.0,0.55039,26.0,60.0,275.624,65.0,0.11111,248.0873,12.38103,43027.7056,2.8114824E7,0.0791,
RELN,2.0,0.0,1.0,4.0,40.416,2.0,0.1,145.89008,10.7931,311.29033,50728.0,0.0,
GREB1,2.0,0.61557,2.0,4.0,79.428,1.0,0.1,170.56627,11.3931,0.0,0.0,0.33333,
E2F1,5.5603042E7,1.14796,26.0,56.0,277.188,4.0,0.1,218.48294,11.91552,9039.58576,6132976.0,0.18961,
CAV1,276.0,0.58558,14.0,32.0,252.597,10.0,0.125,218.61071,12.09138,16811.10739,1.2371392E7,0.10484,
ZBTB16,5.0,0.61557,2.0,10.0,111.989,2.0,0.1,164.03056,11.16034,803.20565,136568.0,0.04444,
FLNC,12.0,0.56839,4.0,20.0,126.343,7.0,0.11111,172.42302,11.34138,6889.07933,2003280.0,0.05263,
PGR,21.0,0.52483,8.0,18.0,179.417,3.0,0.1,186.34008,11.60517,2833.96065,1088328.0,0.11765,
COL9A3,12.0,0.57059,6.0,12.0,134.398,2.0,0.1,155.63532,10.9569,517.5724,749816.0,0.18182,
EZH2,73.0,0.53647,13.0,32.0,262.998,4.0,0.1,211.99008,11.88276,8763.19506,3946632.0,0.08468,
COL9A2,12.0,0.57059,6.0,12.0,136.589,1.0,0.1,155.63532,10.9569,517.5724,749816.0,0.18182,
THRSP,1.0,0.0,1.0,2.0,42.549,1.0,0.1,134.64484,10.46034,0.0,0.0,0.0,
AR,30.0,0.51877,10.0,20.0,219.169,2.0,0.11111,199.90397,11.81897,4570.29163,2060544.0,0.13684,
COL11A1,11.0,0.47549,6.0,14.0,132.952,1.0,0.1,154.0377,10.88103,480.96785,648224.0,0.10989,
CILP,3.0,0.61557,2.0,6.0,67.599,1.0,0.09091,123.91154,10.01034,3.0,80.0,0.13333,
LMNB1,120.0,1.29653,5.0,10.0,184.125,1.0,0.09091,168.19012,11.01034,0.0,0.0,0.44444,
PLIN4,6.0,0.92693,3.0,6.0,99.29,1.0,0.1,141.20198,10.62586,0.0,0.0,0.4,
TNN,1.0,0.0,1.0,2.0,48.474,1.0,0.1,147.58056,10.79828,0.0,0.0,0.0,
DPT,2.0,0.0,1.0,4.0,62.254,1.0,0.1,146.64722,10.75172,48.28756,38808.0,0.0,
AQP5,1.0,0.0,1.0,2.0,8.999,1.0,0.09091,109.04329,9.46897,0.0,0.0,0.0,
GINS1,60480.0,1.45613,13.0,26.0,261.457,1.0,0.09091,173.82345,11.05172,28.8936,50632.0,0.35077,
AQP7,3.0,0.0,1.0,6.0,41.515,3.0,0.1,135.97817,10.46724,2314.0,1813784.0,0.0,
AQP1,1.0,0.0,1.0,2.0,9.459,1.0,0.09091,109.04329,9.46897,0.0,0.0,0.0,
RECQL4,91440.0,1.62893,11.0,22.0,251.619,1.0,0.09091,165.97821,10.87931,12.28295,6488.0,0.41558,
MMP7,176.0,1.04966,8.0,20.0,224.363,2.0,0.11111,187.07063,11.6069,3259.31514,1696200.0,0.18947,
PIP,2.0,0.0,1.0,4.0,34.546,2.0,0.09091,139.25559,10.61034,1158.0,625128.0,0.0,
APOD,1.0,0.0,1.0,2.0,9.078,1.0,0.08333,111.50722,9.61207,0.0,0.0,0.0,
SERPINE2,1.0,0.0,1.0,2.0,43.533,1.0,0.1,142.50556,10.70517,0.0,0.0,0.0,
JAM3,2.0,0.0,1.0,4.0,4.135,6.0,0.1,96.90635,8.75862,5750.0,3.4800552E7,0.0,
ESPN,2.0,0.0,1.0,4.0,1.54,5.0,0.09091,83.89329,7.77414,4608.0,3.2969016E7,0.0,
SOCS2,2.0,0.61557,2.0,4.0,85.858,1.0,0.1,161.19246,11.18621,0.0,0.0,0.33333,
CENPW,448200.0,1.47336,17.0,34.0,271.475,1.0,0.09091,171.16869,10.95862,26.2369,19416.0,0.32442,
LCN2,29.0,0.90757,5.0,16.0,173.978,4.0,0.11111,189.34683,11.65172,3529.69601,753016.0,0.11667,
CHI3L1,1.0,0.0,1.0,2.0,38.842,1.0,0.1,140.23889,10.65345,0.0,0.0,0.0,
PNPLA7,1.0,0.0,1.0,2.0,2.427,1.0,0.07692,89.74918,8.2931,0.0,0.0,0.0,
UHRF1,5.59203848E8,1.52792,18.0,36.0,271.432,1.0,0.09091,180.80559,11.16552,245.69647,123384.0,0.33016,
CD3E,13.0,0.77792,5.0,12.0,141.486,1.0,0.1,160.59365,11.07759,702.08041,1063544.0,0.18182,
SELL,317.0,0.74084,13.0,36.0,253.101,5.0,0.11111,199.46349,11.74138,6317.88194,3020808.0,0.09524,
CDKN1C,313.0,1.22461,8.0,18.0,226.853,2.0,0.09091,176.84369,11.2069,1176.54559,909976.0,0.27451,
BRIP1,295.0,1.05012,9.0,20.0,230.304,1.0,0.09091,166.56512,10.95517,384.06405,158440.0,0.23158,
ANO1,2.0,0.0,1.0,4.0,94.947,1.0,0.1,163.36984,11.17414,341.39981,111144.0,0.0,
DIAPH3,12.0,0.94732,4.0,8.0,168.636,1.0,0.09091,164.95678,10.95172,0.04878,8.0,0.35714,
KIF20A,9.223372036854777E13,2.26969,75.0,150.0,279.427,2.0,0.09091,220.64369,11.5569,1975.0018,1798984.0,0.31284,
VANGL2,3.0,0.61557,2.0,6.0,6.342,2.0,0.09091,105.3167,9.16897,1158.0,3283792.0,0.13333,
CEP55,9.223372036854777E13,2.37447,71.0,142.0,279.427,1.0,0.09091,216.09369,11.47931,903.10176,1514776.0,0.33283,
WNT7B,4.0,0.61557,2.0,8.0,25.604,4.0,0.1,128.91865,10.16207,3676.80595,6672280.0,0.07143,
TPX2,9.223372036854777E13,2.4329,71.0,142.0,279.427,1.0,0.09091,217.26035,11.50517,334.02889,421328.0,0.34102,
FZD4,2.0,0.61557,2.0,4.0,3.861,1.0,0.09091,104.8167,9.16724,0.0,0.0,0.33333,
BUB1,9.223372036854777E13,2.20009,83.0,166.0,279.427,1.0,0.09091,223.42702,11.52759,595.96663,667472.0,0.29398,
ASPM,9.223372036854777E13,2.33955,72.0,144.0,279.427,2.0,0.09091,216.16035,11.46724,1611.81001,2194392.0,0.32653,
WLS,2.0,0.0,1.0,4.0,17.421,1.0,0.09091,116.86789,9.76034,69.32214,36616.0,0.0,
CIT,720.0,1.42647,6.0,12.0,200.846,1.0,0.08333,155.60364,10.63793,0.0,0.0,0.45455,
RAD51AP1,9.223372036854777E13,2.08136,33.0,66.0,279.127,1.0,0.09091,189.29012,11.19483,302.97946,169144.0,0.37016,
NUF2,9.223372036854777E13,2.26443,79.0,158.0,279.427,1.0,0.09091,221.42702,11.52069,513.41556,610352.0,0.30718,
ORC1,7.3374336E8,1.89521,18.0,36.0,274.453,1.0,0.09091,181.14012,11.18103,35.36121,23168.0,0.40952,
HMMR,9.223372036854777E13,2.6811,57.0,116.0,279.427,1.0,0.1,210.16151,11.48276,1556.7417,1524800.0,0.38831,
TOP2A,9.223372036854777E13,2.16416,80.0,160.0,279.427,1.0,0.09091,221.07702,11.50345,775.87767,674080.0,0.29245,
DEPDC1,9.223372036854777E13,2.64261,44.0,88.0,279.427,1.0,0.09091,199.42702,11.36724,64.43277,149056.0,0.42947,
MB,1.0,0.0,1.0,2.0,9.038,1.0,0.09091,117.06075,9.80862,0.0,0.0,0.0,
IL4I1,8.0,0.92693,3.0,10.0,63.226,4.0,0.1,141.42937,10.58448,3466.0,2728696.0,0.13333,
AURKB,9.223372036854777E13,2.17605,83.0,168.0,279.427,2.0,0.09091,225.30083,11.5569,1996.43964,2055176.0,0.28386,
SDS,1.0,0.0,1.0,2.0,3.206,1.0,0.08333,93.79729,8.59138,0.0,0.0,0.0,
IL33,3.0,0.61557,2.0,6.0,115.122,1.0,0.11111,176.08016,11.43793,75.62746,31328.0,0.13333,
MATK,1.0,0.0,1.0,2.0,50.516,1.0,0.09091,137.24726,10.51207,0.0,0.0,0.0,
CENPF,9.223372036854777E13,2.35662,74.0,148.0,279.427,2.0,0.09091,218.19369,11.49483,504.4891,525352.0,0.32616,
BHMT2,2.0,0.0,1.0,4.0,13.47,2.0,0.09091,112.78456,9.58966,1158.0,1364360.0,0.0,
E2F2,26.0,0.90757,5.0,10.0,168.67,1.0,0.09091,172.51273,11.16379,32.9806,11912.0,0.31111,
CKAP2L,9.223372036854777E13,2.44835,33.0,66.0,279.427,1.0,0.09091,185.34012,11.10862,8.09067,7192.0,0.43543,
S100A8,2.0,0.0,1.0,4.0,68.612,1.0,0.1,155.25317,10.95517,88.91015,16936.0,0.0,
FMOD,56.0,0.75809,8.0,16.0,172.183,5.0,0.1,179.15198,11.45172,2068.89308,944920.0,0.21667,
MELK,9.223372036854777E13,2.30481,74.0,148.0,279.427,1.0,0.09091,223.42464,11.62414,1476.27891,925904.0,0.31899,
SDC1,1265.0,0.76097,17.0,46.0,269.762,9.0,0.11111,206.15397,11.79655,9188.27272,5068648.0,0.09662,
KIF14,9.223372036854777E13,2.38859,52.0,104.0,279.427,1.0,0.09091,198.07345,11.2069,220.02698,591416.0,0.36856,
GINS4,87120.0,1.595,11.0,22.0,253.156,1.0,0.09091,161.67107,10.78103,2.22941,192.0,0.40693,
MFAP2,18.0,0.76079,6.0,12.0,138.83,1.0,0.1,150.56389,10.79138,105.15423,61288.0,0.24242,
KIF2C,9.223372036854777E13,2.56746,69.0,138.0,279.427,1.0,0.09091,215.26035,11.47759,212.42566,348384.0,0.36306,
CDK1,9.223372036854777E13,1.69679,104.0,210.0,279.427,29.0,0.1,252.9996,11.97586,19270.52337,1.2128368E7,0.20761,
CCN4,2.0,0.61557,2.0,4.0,82.957,1.0,0.1,146.88056,10.76034,0.0,0.0,0.33333,
PBK,9.223372036854777E13,2.34732,74.0,148.0,279.427,1.0,0.09091,219.09369,11.51379,429.1469,531152.0,0.32488,
BUB1B,9.223372036854777E13,2.28517,80.0,160.0,279.427,2.0,0.09091,222.80083,11.54483,731.73277,870944.0,0.30881,
COMP,60.0,0.66826,9.0,22.0,211.402,2.0,0.1,187.93294,11.59483,2624.43675,1181560.0,0.12121,
IQGAP3,10.0,0.75786,4.0,12.0,173.595,1.0,0.1,176.23889,11.22586,4171.29748,1353792.0,0.15152,
IGF2BP2,1.0,0.0,1.0,2.0,52.093,1.0,0.09091,149.12226,10.79828,0.0,0.0,0.0,
DCN,3133.0,0.79383,22.0,46.0,270.428,2.0,0.11111,202.40397,11.74138,4628.0228,1917432.0,0.14686,
CDCA8,9.223372036854777E13,2.34515,73.0,146.0,279.427,2.0,0.09091,218.42702,11.51034,956.34926,1475368.0,0.32593,
NEK2,9.223372036854777E13,2.74735,57.0,114.0,279.427,1.0,0.09091,207.3675,11.42931,147.6062,241976.0,0.41205,
NAT1,1.0,0.0,1.0,2.0,13.617,1.0,0.08333,109.83182,9.49138,0.0,0.0,0.0,
KIF4A,9.223372036854777E13,2.45998,71.0,142.0,279.427,1.0,0.09091,216.24369,11.48448,484.60867,1318008.0,0.34482,
CES1,3.0,0.61557,2.0,6.0,61.366,2.0,0.09091,137.30797,10.48966,1158.0,956848.0,0.13333,
BIRC5,9.223372036854777E13,2.27028,78.0,156.0,279.427,1.0,0.09091,220.92702,11.51897,474.92855,537472.0,0.30918,
MAL2,1.0,0.0,1.0,2.0,10.44,1.0,0.08333,113.15404,9.66897,0.0,0.0,0.0,
UBE2C,9.223372036854777E13,2.32209,69.0,138.0,279.427,1.0,0.09091,216.1175,11.50345,486.66292,477808.0,0.32836,
UCHL1,3.0,0.61557,2.0,6.0,83.282,1.0,0.09091,158.85321,11.05345,92.24781,70448.0,0.13333,
EXO1,9.223372036854777E13,1.81587,60.0,120.0,279.427,1.0,0.09091,204.10678,11.26724,1337.92097,642968.0,0.26807,
G0S2,1.0,0.0,1.0,2.0,53.946,1.0,0.1,165.69246,11.28621,0.0,0.0,0.0,
TP63,2.0,0.0,1.0,4.0,84.991,1.0,0.09091,155.06035,10.95862,27.55962,15176.0,0.0,
CCNA2,9.223372036854777E13,1.97123,91.0,182.0,279.427,2.0,0.09091,230.5675,11.62241,1723.54007,1306016.0,0.25609,
PRKN,6.0,0.61557,2.0,12.0,133.755,5.0,0.1,178.50913,11.48621,4074.83507,4816856.0,0.06061,
TICRR,732266.0,1.35134,14.0,28.0,262.54,1.0,0.09091,174.27345,11.05172,33.97398,40376.0,0.31746,
MKI67,9.223372036854777E13,2.4844,58.0,116.0,279.427,2.0,0.09091,207.47702,11.42069,219.97503,225720.0,0.37061,
SP6,1.0,0.0,1.0,2.0,13.096,1.0,0.09091,114.5544,9.7069,0.0,0.0,0.0,
SHCBP1,9.223372036854777E13,2.34303,28.0,56.0,278.864,1.0,0.09091,178.33535,10.97759,4.18427,3312.0,0.43896,
C7,1.0,0.0,1.0,2.0,53.197,1.0,0.1,165.69246,11.28621,0.0,0.0,0.0,
TYMS,9.223372036854777E13,2.10266,36.0,74.0,279.427,1.0,0.09091,200.82702,11.46724,630.39784,352552.0,0.34432,
KPNA2,1.29802176E10,1.89521,18.0,36.0,273.946,1.0,0.09091,175.30678,11.03621,2.76546,448.0,0.40952,
PCDH19,1.0,0.0,1.0,2.0,9.844,1.0,0.09091,118.07742,9.83276,0.0,0.0,0.0,
TTK,9.223372036854777E13,2.53688,68.0,136.0,279.427,1.0,0.09091,214.76035,11.47241,243.73928,363392.0,0.36035,
CCNE1,3675144.0,1.42211,15.0,30.0,261.973,1.0,0.09091,181.84369,11.23966,49.51534,20176.0,0.32644,
CXCL13,5.18928504E8,1.63331,16.0,32.0,264.619,1.0,0.11111,199.48016,11.76897,846.85277,761096.0,0.36694,
PLK1,9.223372036854777E13,2.14666,73.0,148.0,279.427,2.0,0.09091,221.90083,11.58966,4709.78687,2320704.0,0.29031,
PHLDA2,1.0,0.0,1.0,2.0,43.692,1.0,0.08333,131.59888,10.20862,0.0,0.0,0.0,
CTSV,2.0,0.0,1.0,4.0,52.57,2.0,0.1,166.35913,11.28966,1158.0,238616.0,0.0,
CDC20,9.223372036854777E13,2.0235,88.0,176.0,279.427,1.0,0.09091,228.90083,11.61552,1258.77123,1227496.0,0.26558,
CD38,78.0,0.67321,12.0,32.0,238.89,6.0,0.11111,208.24683,11.92414,8517.62344,3311080.0,0.09274,
STMN1,2.0,0.0,1.0,4.0,97.551,1.0,0.09091,166.36035,11.16552,120.2756,58792.0,0.0,
CENPE,9.223372036854777E13,2.43486,67.0,134.0,279.427,1.0,0.09091,213.92702,11.47069,307.03029,382472.0,0.34744,
CD79A,50.0,0.69977,8.0,26.0,198.805,10.0,0.1,191.6996,11.66034,9244.26964,3660888.0,0.10462,
MCM4,9.223372036854777E13,1.61132,43.0,86.0,279.427,1.0,0.09091,195.27345,11.23448,315.47961,232408.0,0.26375,
BCL2,1181.0,0.60306,19.0,48.0,274.209,35.0,0.11111,240.07063,12.28448,31367.77567,2.026516E7,0.07979,
HBB,2.0,0.0,1.0,4.0,17.731,1.0,0.09091,124.28178,10.04483,123.98101,12296.0,0.0,
KIF11,9.223372036854777E13,2.29296,79.0,158.0,279.427,1.0,0.09091,220.86035,11.50517,695.80152,681248.0,0.31105,
SHC4,5.0,0.61557,2.0,10.0,190.81,1.0,0.1,168.26865,11.26207,23.91671,12392.0,0.04444,
NR2F1,2.0,0.0,1.0,4.0,51.046,2.0,0.1,171.18294,11.40172,571.11113,237160.0,0.0,
KIF23,9.223372036854777E13,2.5441,61.0,122.0,279.427,1.0,0.09091,209.06035,11.42586,327.10314,1092792.0,0.37366,
ORC6,7.98336E7,1.90255,12.0,24.0,254.731,1.0,0.09091,173.24012,11.05,0.12617,24.0,0.47101,
CCNB1,9.223372036854777E13,1.86547,93.0,186.0,279.427,1.0,0.1,242.16627,11.85345,10460.85387,8717960.0,0.24074,
EBF1,10.0,0.61795,3.0,16.0,135.118,3.0,0.1,172.08294,11.33276,3601.10323,1171136.0,0.06667,
VEGFD,23.0,0.58315,8.0,18.0,227.275,1.0,0.1,174.13532,11.33966,176.89391,59888.0,0.13072,
DLGAP5,9.223372036854777E13,2.24677,80.0,160.0,279.427,1.0,0.09091,220.59369,11.49483,554.5255,703016.0,0.30362,
NAT8L,1.0,0.0,1.0,2.0,14.308,1.0,0.09091,112.11789,9.58621,0.0,0.0,0.0,
TAL1,5.0,0.61557,2.0,10.0,95.894,2.0,0.1,165.07579,11.1931,1937.76657,655928.0,0.04444,
BCL11A,4.0,0.0,1.0,8.0,53.637,1.0,0.09091,144.50321,10.72414,738.32741,340320.0,0.0,
NCAPH,9.223372036854777E13,2.59698,49.0,98.0,279.427,1.0,0.09091,202.09369,11.38103,75.75859,145248.0,0.40816,
ETV7,1.0,0.0,1.0,2.0,3.192,1.0,0.08333,96.01277,8.7,0.0,0.0,0.0,
AURKA,9.223372036854777E13,2.31557,66.0,132.0,279.427,1.0,0.1,242.15675,12.05,28472.86904,2.261704E7,0.33195,
GBP5,3.0,0.61557,2.0,6.0,101.743,4.0,0.1,146.24603,10.68966,3462.0,5975520.0,0.13333,
ISG15,966.0,1.03754,10.0,20.0,187.185,8.0,0.11111,180.44683,11.45862,3477.27756,883192.0,0.27368,
TRIP13,9.223372036854777E13,2.70755,45.0,90.0,279.427,1.0,0.09091,202.66035,11.43276,48.65096,89624.0,0.43695,
SVEP1,1.0,0.0,1.0,2.0,49.566,1.0,0.11111,151.38492,10.92414,0.0,0.0,0.0,
ANLN,9.223372036854777E13,2.25887,45.0,90.0,279.427,1.0,0.09091,203.52702,11.45862,1078.4175,943696.0,0.36454,
IL32,4.0,0.61795,3.0,6.0,132.027,1.0,0.1,160.56984,11.03276,5.62782,5016.0,0.26667,
