"gene_symbol","Closeness_Latora","Harmonic"
"A2ML1",0.20533175770711,126.119387509432
"ABCG2",0.292838926977584,182.131853814908
"ACACB",0.274526193822119,170.220812632674
"ACER2",0.258085071069064,160.852640398381
"ACKR1",0.288336156210587,180.42093864594
"ACKR3",0.311915830051047,196.01818781075
"ACOX2",0.271219031345906,166.473618146551
"ACSL1",0.337347183180102,214.630900032491
"ACSS3",0.216694924182929,133.231216016109
"ACTA2",0.305889264921727,193.285580649018
"ACVR1C",0.288198614559695,179.47149165127
"ADAMTS4",0.348449639414701,222.251975716697
"ADAMTS5",0.294647025563677,184.134682058641
"ADCY1",0.298284555237157,191.648096628153
"ADCY5",0.304221120498839,196.376184159785
"ADCYAP1R1",0.278124500994295,172.315497167573
"ADD2",0.288951683293013,181.483643203076
"ADGRV1",0.119519391918305,71.8169813521574
"ADH1B",0.264619666259852,166.363498023171
"ADIPOQ",0.38320530091857,248.399124134536
"ADRA2A",0.248520659351018,154.070507297637
"ADRB2",0.320787056574116,201.8812313203
"AGT",0.394892272707156,257.594561215363
"AGTR1",0.316013952560857,200.247427418785
"AHNAK",0.244879071958982,149.22512040112
"AK5",0.279894817457908,186.076443158205
"AKAP12",0.323999177712432,203.221963292113
"ALDH1A1",0.302506054032797,192.023330242907
"ALDH1A2",0.246927771498149,153.378011047531
"ALDH2",0.247164427413773,153.332101035887
"ALOX15B",0.285541975901242,175.407324472796
"ANGPT1",0.380199972074968,248.517437327249
"ANGPTL1",0.29085365547883,179.994169493748
"ANK2",0.311553923538221,198.960804990168
"ANKRD22",0.2024269596413,123.170856004865
"ANKRD29",0.235547342985359,143.933496778353
"ANLN",0.352772732857374,257.486555999815
"ANO1",0.319522963233925,200.319057128276
"AOC3",0.304574338981787,191.280244939975
"AOX1",0.258274583287319,162.569695653137
"APOD",0.237002458287567,143.609466480067
"AQP1",0.229799895797633,139.532677617023
"AQP5",0.229694510261602,139.460438079236
"AQP7",0.273761171697815,169.643530141802
"AR",0.391742341606077,251.546632272183
"AREG",0.345562883209874,222.001765205206
"ARHGAP11A",0.31516121039293,222.037881674927
"ASF1B",0.337816980079282,241.467885832825
"ASPM",0.340841643796976,258.017103352334
"ATAD2",0.356813068709278,238.916748657318
"ATF3",0.352865235291147,226.765832526427
"ATP1A2",0.217184458130394,132.027258975561
"AURKA",0.412852232356084,294.421988052998
"AURKB",0.358023144344438,275.027781414177
"BATF2",0.236335239091805,146.452774089839
"BCL11A",0.295531311797253,183.940908478983
"BCL2",0.454944065411544,300.701867575259
"BGN",0.336310453978524,216.031717326918
"BHMT2",0.217808716629733,132.602879587087
"BIRC5",0.344376538932658,262.49806742025
"BLM",0.29776588311457,204.037978351941
"BMP4",0.364149826306812,236.284589554374
"BMP7",0.35428782954113,224.920992564936
"BRIP1",0.304456188754438,205.370992311073
"BUB1",0.342438457019546,261.599504166057
"BUB1B",0.342265276833598,258.780871105642
"C7",0.342720527364166,213.613467325854
"CACNA2D1",0.248785775287251,150.734029305528
"CALML5",0.374446722687339,246.574154163354
"CAV1",0.424139691138552,271.589414748265
"CAV2",0.317843748013476,195.263768879216
"CAVIN2",0.302839169427028,184.302102176554
"CBLC",0.288055624534393,178.466517398719
"CBX2",0.316252947831895,211.789844434882
"CCDC170",0.340493880503085,210.118247763396
"CCDC69",0.24785551561853,158.982884383002
"CCL19",0.352294255599201,227.591890936699
"CCL21",0.33522736796232,216.713194818749
"CCL28",0.308931968919314,194.516660803372
"CCL5",0.378359160695007,252.228824519612
"CCN4",0.292739603580105,182.879186733456
"CCNA2",0.352728537684787,270.429065796505
"CCNB1",0.395390833613402,294.338533603295
"CCNB2",0.353439145701022,269.492732301529
"CCNE1",0.333301727135071,230.046858546007
"CCR7",0.386823201122054,253.327868715099
"CD2",0.334424826776589,217.411047949365
"CD209",0.352700867704945,222.077873939749
"CD24",0.327410958331875,205.871948322474
"CD300LG",0.301047697893445,187.856312551239
"CD36",0.404025768484876,264.786928282559
"CD38",0.405317202640432,262.430916812693
"CD3D",0.298899585714867,187.240907662258
"CD3E",0.327012224619059,206.710983511249
"CD3G",0.25677475850998,160.083844309853
"CD7",0.329662522202487,209.382870904328
"CD79A",0.374523854263728,241.425838653026
"CDC20",0.353873665881027,269.161282384163
"CDC25A",0.3460967447811,242.06955040168
"CDC45",0.373792023407114,277.371629355552
"CDC6",0.353066289413307,257.125197832899
"CDC7",0.332029639942479,230.653543295039
"CDCA2",0.328659567620006,242.093021188606
"CDCA3",0.346224215996156,258.505655146811
"CDCA5",0.341895658160932,256.43745465639
"CDCA7",0.269195870164047,179.697736201039
"CDCA8",0.342239022093299,258.477391010353
"CDH23",0.135162249463371,82.9376483482015
"CDK1",0.399285141911447,298.64248862039
"CDKN1C",0.330650503557914,221.842350860364
"CDKN2A",0.397218103557499,269.201975635086
"CDKN3",0.346641788145688,255.682617683558
"CDT1",0.341401192902858,246.873206231722
"CEBPA",0.396681553623823,256.151751348828
"CENPA",0.343847355487774,260.280811561338
"CENPE",0.347366126292741,259.634059888189
"CENPF",0.342746045862966,259.577642691551
"CENPI",0.325997820311126,232.918708354794
"CENPM",0.332416132269525,243.450512360063
"CENPU",0.328930578634257,235.029290411976
"CENPW",0.316356964107666,221.433985944444
"CEP55",0.343127046930314,258.907337826263
"CES1",0.278106097476187,172.803530285216
"CFD",0.309813006484173,191.420966844623
"CHEK1",0.360261873113284,266.401447143608
"CHI3L1",0.278432119929355,170.508889276775
"CHMP4C",0.271998461801802,182.635990389848
"CIDEC",0.338322225086943,214.883529916108
"CILP",0.25611937635815,159.459926274366
"CIT",0.278948479658644,189.174443555198
"CKAP2L",0.321935163368219,234.994065159802
"CKS2",0.33178500331785,234.47648783306
"CLDN1",0.29013142953758,180.43116599451
"CLDN11",0.301392015398014,187.910887558322
"CLDN3",0.288115580048691,180.766394354301
"CLDN4",0.300116165653775,188.023291208978
"CLDN5",0.379195999874473,242.476632505512
"CLDN7",0.290498495418138,180.140208308407
"CLDN8",0.25193917145894,156.180408651192
"CLEC3B",0.2437419260487,146.995243818025
"CLEC7A",0.309048678896824,192.34248662467
"CLSPN",0.356263167916659,243.83990958579
"CNN1",0.29357991346479,185.476312630739
"CNTFR",0.355840009423625,226.39742129969
"COL10A1",0.301984244753024,191.626517047533
"COL11A1",0.301388256666396,191.835701247674
"COL14A1",0.362646191746048,234.268454398055
"COL17A1",0.242940179331738,148.9439664123
"COL1A1",0.385019808605326,254.792848813262
"COL2A1",0.341891224359632,222.712559084164
"COL4A6",0.295857535414912,183.376460283083
"COL6A6",0.292744922768337,181.13628413196
"COL9A2",0.317355574487457,202.421464695545
"COL9A3",0.317339078994451,202.379803129616
"COMP",0.348354834234151,224.76866483916
"CRABP2",0.182489330666891,110.201414996528
"CRLF1",0.278084896442144,171.154623048315
"CRYAB",0.274768483865405,169.126601176144
"CTHRC1",0.29490710680366,183.524784168824
"CTSV",0.320586518563065,198.697049732444
"CX3CL1",0.366615487987338,238.088826954387
"CX3CR1",0.326481169072776,210.120542894447
"CXCL10",0.362492297038688,241.379276846891
"CXCL11",0.362293492709156,235.049646729208
"CXCL12",0.427118803831698,281.814795167211
"CXCL13",0.394827756391275,255.425055328348
"CXCL14",0.319218552982299,202.87930631272
"CXCL2",0.342433806954713,220.911430282862
"CXCL8",0.398289825892409,270.382513796181
"CXCL9",0.358230784624241,233.794383666481
"DCLK1",0.290505625040383,180.787675009779
"DCN",0.375899404134634,247.810249975154
"DDR2",0.290283461800448,181.217558467143
"DEPDC1",0.341572493755996,250.226990035401
"DGAT2",0.291254140328253,185.556256259314
"DIAPH3",0.305442886919777,204.87502581369
"DLGAP5",0.340469095972368,259.687488142877
"DMD",0.329880770851735,210.699244160444
"DPP4",0.357854599974086,225.802265380187
"DPT",0.285826926867731,178.557422272378
"DSG3",0.239910620884551,149.20911822236
"DST",0.251869479498693,155.704499821455
"DTL",0.325816887538684,236.813903605336
"DUSP1",0.355825164691837,227.017745269025
"E2F1",0.406437692751323,275.025411490293
"E2F2",0.320805686889225,209.522156804621
"EBF1",0.339106524467998,215.176978929637
"EBF2",0.322062264630789,199.999087318774
"EBF3",0.268263916190652,163.460243158242
"EDNRB",0.329282402807757,206.593457057401
"EFEMP1",0.236900137197856,144.784174638175
"EFNA3",0.33966575718232,218.143747208397
"EGF",0.427651976821263,287.955281969741
"EGR1",0.380761562514155,245.920267000613
"EGR2",0.315266737402376,199.639014311173
"EGR3",0.309506822224084,195.188922408812
"EMCN",0.335239768684559,212.633137960353
"EPCAM",0.317361304902138,202.08210098546
"EPHB3",0.261622111218266,161.101267189346
"ERBB4",0.387743818995838,253.652827510888
"ERCC6L",0.328356282418106,234.169400957027
"ESPL1",0.35340985672277,261.451995025227
"ESPN",0.170783380421452,103.937342345859
"ESR1",0.464411282631899,302.989525923484
"ETV7",0.196240638391097,118.915125781749
"EVPL",0.240105580219274,149.747143011585
"EXO1",0.34342509691397,260.474084270838
"EZH2",0.393637461255554,262.740997513783
"F13A1",0.352031891661579,221.00736075233
"F3",0.374725416720506,239.172674076082
"FABP4",0.331235697613789,209.924391502898
"FADS2",0.255217548758652,157.239768040468
"FAM83D",0.330306661260268,225.182373817074
"FANCA",0.297312703249115,198.644905539372
"FBN1",0.356203217620513,229.352074714764
"FBN2",0.332748537340697,208.747293266434
"FERMT1",0.27068373778773,164.090033151334
"FGF1",0.379618169572818,248.213484114304
"FGF10",0.395077336388598,259.536583716896
"FGF2",0.392800907505545,262.316552409851
"FGF7",0.39662323186389,262.297202572705
"FGFR3",0.394572317622553,261.992743207771
"FGFR4",0.364059540054709,236.252769416506
"FLNC",0.342211357994972,217.561446297762
"FLRT2",0.33720067626177,209.780717799035
"FMOD",0.337021393304547,214.935919995562
"FN1",0.463394621266777,309.771908060779
"FOS",0.40630273616872,263.055746887283
"FOSB",0.30148382019505,190.231330966668
"FOSL1",0.303213593588183,190.484662445308
"FOXM1",0.385663683979198,277.249903552976
"FZD4",0.202068766091467,123.597647630435
"G0S2",0.341435559924884,212.688123757915
"GATA3",0.349646555559441,220.153418553003
"GBP5",0.291356117046794,184.543834111795
"GFRA1",0.283790521494441,174.56511640335
"GHR",0.376845568685952,240.582776538207
"GINS1",0.325112107623318,223.61484238023
"GINS2",0.305145596538597,214.009805164727
"GINS4",0.292480822335046,197.8547377277
"GJB2",0.150741792564219,92.5877117325175
"GNAL",0.276904758608277,171.913945728805
"GNG11",0.25725697532329,160.048706240508
"GPAM",0.331549823935611,207.821451666295
"GPC3",0.325725764739512,209.686402909955
"GPD1",0.253811771439874,155.650793515704
"GPER1",0.342586921094553,212.800002821803
"GPIHBP1",0.277241220415852,171.024292389237
"GPLD1",0.234819810208913,143.942936553991
"GPRASP1",0.257863617710963,157.346974991653
"GPX3",0.384271120501461,245.123227221225
"GREB1",0.3238323888222,199.520488944589
"GSTM2",0.293496422885839,180.397184653865
"GSTM3",0.298723472196828,185.174596036984
"GSTM5",0.301716873047944,187.14016925299
"GTSE1",0.326289786960897,232.210993765277
"GYG2",0.22583268990485,138.013378827346
"H2BC5",0.28757972900073,187.631632374164
"H4C8",0.31878448574841,215.875776489272
"HBB",0.249536958359596,153.70224010306
"HELLS",0.308531644707725,213.875491689246
"HGF",0.39245644579263,262.119151314152
"HJURP",0.351196307836885,263.297874549019
"HLA-DQA2",0.243390479739421,149.7866455744
"HLA-DQB2",0.198059021588433,119.330515488726
"HMGA1",0.326003134126683,201.928581915515
"HMMR",0.345941509641032,255.152019460873
"HPGD",0.223236880888114,134.78458459856
"HPN",0.298282254211566,187.031830830096
"HSD11B1",0.264707224681667,162.126865651432
"HSPB6",0.272514130797386,170.008364844052
"HSPB7",0.263083171476704,160.876221321126
"HSPB8",0.282043002804869,175.28394574458
"IDO1",0.355374736532523,227.346641904015
"IFI27",0.268392647337151,167.154423595185
"IFI44L",0.284803755481245,181.282319994205
"IFI6",0.26874496103198,167.321569896966
"IGF1",0.432566919221111,284.29193220155
"IGF2BP2",0.307669293702699,194.922467334612
"IGFBP6",0.302200750916762,185.369643830098
"IKZF3",0.261204078746725,160.078320098455
"IL12RB2",0.329810239698122,204.926900576202
"IL20RA",0.350097151959669,219.741834341464
"IL32",0.322495626848095,207.591537127906
"IL33",0.350193753750998,221.530856738213
"IL4I1",0.27086615055768,168.300260956325
"IL6",0.474913512517656,324.04899062162
"INHBA",0.22479818549106,136.499864918357
"INHBB",0.22434507676663,136.198141188508
"INMT",0.272111907429406,167.844115444606
"IQGAP2",0.289288206368231,181.96959319684
"IQGAP3",0.328571129134685,222.776549896028
"IRS1",0.442301738245832,289.217598384033
"ISG15",0.357541789237745,229.296758069717
"ITGA7",0.373243583267104,242.895625698606
"ITIH5",0.239809244150205,146.95644298086
"ITPR1",0.336624515086582,208.829643653325
"JAM2",0.242013451775273,147.650034612158
"JAM3",0.195954485854282,118.772254638766
"JCHAIN",0.279585577047759,172.903683997339
"JPH2",0.255382066983194,155.16044588513
"KCNK5",0.223732113967596,136.055370050748
"KCNMA1",0.222519255588686,135.660938137422
"KCNMB1",0.224463850677358,136.978780983614
"KCNN4",0.284391654379803,178.709662046541
"KIF11",0.341353974655056,259.165965906787
"KIF14",0.333726900919936,249.305961039626
"KIF15",0.34548178328166,255.392999145546
"KIF18A",0.328131320417406,241.422809851103
"KIF18B",0.315917732843625,228.472367369328
"KIF20A",0.34950223048708,260.816133273659
"KIF23",0.339087690415277,252.342037621064
"KIF2C",0.338519490843339,254.242507585257
"KIF4A",0.345823112670363,261.409945813149
"KIFC1",0.349289226535141,255.642470477124
"KIT",0.414129232597111,273.09773615971
"KLB",0.31397310224913,196.888573659394
"KLF2",0.305516093060202,191.888267922183
"KLF4",0.359608299759559,228.863007355513
"KLHL13",0.270741481562738,179.088184267839
"KLK6",0.177341449864196,107.287868576471
"KNL1",0.326232893162665,237.122726746181
"KPNA2",0.320180184158809,227.740659535336
"KRT16",0.202028083296875,121.918680816583
"KRT19",0.317876671524334,198.129972975648
"KRT6B",0.248978009661205,153.843317162973
"L1CAM",0.26583372100751,163.445602628263
"LAMA2",0.285405541591461,177.106792378032
"LAMA3",0.307920838861309,193.410694234307
"LCN2",0.358176363571241,227.741547218258
"LDB2",0.249427713913293,153.263845201568
"LEP",0.405329382536594,262.963428853652
"LEPR",0.369394282540771,235.02399690024
"LIFR",0.349675434878678,222.077646129423
"LINGO1",0.267851741290316,164.141305869751
"LIPE",0.354131647829509,228.670873369278
"LIPG",0.294641337671673,186.614079086782
"LMNB1",0.319159005016299,215.682002230571
"LMOD1",0.26438143859969,164.671794143956
"LMX1B",0.259787493830047,159.861797906107
"LPL",0.380476316989252,247.97703727363
"LRP2",0.35835362459245,228.469332091569
"LRP8",0.303513323711612,190.927722756735
"LTB",0.29431181524931,182.12024697635
"LYVE1",0.362538972939591,234.371237965795
"MAD2L1",0.346364191197811,260.817058812145
"MAL2",0.239100816034595,145.267467943394
"MAOA",0.298285935869552,187.040407799193
"MAOB",0.297340748396411,186.400194830072
"MAPK8IP2",0.303748571596157,186.090074239423
"MAPT",0.343434654451446,230.117387960635
"MATK",0.268723669134446,165.612668844404
"MB",0.233618885428465,142.72918676724
"MCM10",0.361615172873874,265.339370915314
"MCM2",0.337649620988301,240.470831023516
"MCM4",0.331235319279437,243.376334581769
"MDK",0.294402644344855,185.42830238692
"MELK",0.360734430422103,270.458625850029
"MEX3A",0.23755411011616,144.46250293123
"MFAP2",0.281716821165676,177.869340711165
"MFAP4",0.290821133470353,183.343250152113
"MFAP5",0.268371038693089,166.720917553817
"MGLL",0.289516796466697,181.021511145024
"MKI67",0.345066999517501,256.112460604373
"MLXIPL",0.308100438618159,192.663721644789
"MME",0.374408531350259,240.338427323114
"MMP11",0.292555767182103,183.159011350417
"MMP3",0.374559892126751,244.870640143967
"MMP7",0.366205542331467,235.388409001125
"MMP9",0.443441010495026,292.767143938339
"MMRN1",0.315715157430275,196.805738775706
"MOCS1",0.252680152235435,158.944023092266
"MRC1",0.401379916471455,260.717674824909
"MSX2",0.316181400901662,200.442063439368
"MUC1",0.394569364954213,252.7487877331
"MUC16",0.3167192256761,197.977821287564
"MUC5B",0.288436099468681,176.612201459249
"MX1",0.31354046104503,202.47235133158
"MYBL2",0.339847267950235,239.063963500076
"MYBPC1",0.266118279481088,162.429931441457
"MYCL",0.28607646133282,175.99681914264
"MYH11",0.266283341084627,164.801342200543
"MYLK",0.286031456556014,179.354019605855
"MZB1",0.287392630361049,177.802487677084
"NAT1",0.221770184910451,134.236497423595
"NAT8L",0.217802909396243,131.885562395145
"NAV3",0.243426539116756,149.318994398846
"NCAM2",0.213531097490936,128.639193014686
"NCAPG",0.337608544057333,254.73783470197
"NCAPH",0.343695149513315,255.731414952825
"NDC80",0.38873603817656,275.917448284389
"NDN",0.312847908449914,195.89547329263
"NEK2",0.343548775929788,254.755245760806
"NGEF",0.270086772360624,167.039081087259
"NGFR",0.365479572212462,237.127941077071
"NMNAT2",0.293635501139609,179.730646385853
"NOS1AP",0.239988149550685,145.593313213593
"NOSTRIN",0.310056799198129,189.182143578086
"NPR1",0.237981132199339,148.550395751678
"NR2F1",0.349243796858131,217.011352433498
"NR3C2",0.335917387489394,211.303598265466
"NR4A1",0.331462854158058,210.694699354101
"NR4A2",0.31682701026738,199.819481123789
"NR4A3",0.270040748217731,169.136431461144
"NRG1",0.310126595815216,194.384343140343
"NRG2",0.316155893200359,198.720089656482
"NTRK2",0.354252341272047,231.007099221662
"NUF2",0.348443359330412,266.310895285323
"OASL",0.297000144915588,190.095851354793
"OGN",0.301702277071927,191.593001777619
"OLFM4",0.274239717665483,167.627843592694
"OLR1",0.300695747747374,185.689418891634
"OMD",0.268899210085389,166.783349642505
"ORC1",0.336001065934416,230.352199790475
"ORC6",0.320663264318858,220.074964050564
"OXTR",0.358447969732159,223.016287880629
"PBK",0.35190566015985,267.672355915688
"PCDH19",0.232411740639718,142.11581461213
"PCOLCE2",0.30311693049163,189.544520606316
"PCSK5",0.296328994668122,185.866889153192
"PDE1C",0.279719605209536,176.178201655598
"PDE2A",0.245557421697877,153.595754515172
"PDE3B",0.256327873402315,160.412082196758
"PDGFD",0.350876131651144,224.062042431481
"PDK4",0.296478045289577,182.616231732902
"PGM5",0.259442011802822,160.2158848772
"PGR",0.360703695595932,230.479056600217
"PHLDA2",0.253117049178897,158.933260501605
"PIGR",0.287064052404038,177.780853722939
"PIMREG",0.31594096479655,218.941264015607
"PIP",0.286481718020984,176.937044454737
"PITX1",0.287287005166708,176.628666268306
"PKMYT1",0.315024267731521,216.594496660237
"PKP3",0.279006716846185,175.543231397391
"PLA2G2A",0.239955384847066,147.517095430825
"PLAAT3",0.211279713941838,129.678165592685
"PLAT",0.376521422446,242.439485281855
"PLEK2",0.345336351652434,215.000882160015
"PLIN1",0.348718010383379,223.038890087222
"PLIN4",0.287557914411858,178.928263547682
"PLK1",0.350307757444493,264.376299035945
"PLN",0.2669611217154,165.919504473581
"PLPP2",0.285804391532306,181.001281899093
"PLXNA4",0.242090931023285,150.055271272638
"PNPLA7",0.177038746150552,106.499598188692
"POLQ",0.296662748672434,196.632125158131
"POU2AF1",0.293798818726129,183.088637332202
"POU2F3",0.236043808102896,144.228459728346
"PPARG",0.428133698772511,280.510771459627
"PPP1R3C",0.187354114134834,112.756215725635
"PRELP",0.288085813810139,181.79550985591
"PRG4",0.278676000711104,172.336363152784
"PRKAR2B",0.319807321602654,210.292576630441
"PRKN",0.363853763408482,229.441652070351
"PROM1",0.37388117669431,241.785931644771
"PRSS8",0.241502243888953,148.471373191409
"PTHLH",0.309235697315834,195.48887580331
"PTK6",0.320820770157915,200.732700807922
"PTK7",0.178957719387508,108.195792024118
"PTN",0.307004519847578,194.480837833492
"PTPRB",0.312426101800275,196.421343344147
"PTTG1",0.34087950438471,251.474424928876
"PYGL",0.284349826767222,178.346549175711
"RAD51",0.379536938759752,273.197163524309
"RAD51AP1",0.330204362341217,241.239519408211
"RAPGEF3",0.276992964378705,171.470794591674
"RASD1",0.28697726843161,178.785349313633
"RBP1",0.275333402641397,169.882661069459
"RBP4",0.324251858717875,202.538692672615
"RDH10",0.265704024041633,164.460827418587
"RECQL4",0.307893704476191,209.905620438754
"RELN",0.301778254379297,187.275580458869
"RGN",0.294260449924228,183.526687868291
"RMI2",0.300316004927254,204.336062868979
"RRM2",0.353101110502992,264.62121583026
"RSAD2",0.27987833978099,177.454331313678
"RTP4",0.274703805358145,171.620664468591
"RUNX1T1",0.298774868500423,184.336873494131
"RYR1",0.323402281212781,202.17283133361
"S100A8",0.307401865929326,194.198820736144
"S100A9",0.305786858124388,189.836488248248
"S1PR1",0.306807530114746,193.777669846369
"SAA1",0.359912007719492,228.636713095156
"SAA2",0.349227184325721,222.231639473732
"SCD",0.335371001279036,212.449174441622
"SCN2A",0.289756025426591,183.192510419468
"SCN4A",0.284359167200248,177.371289713411
"SCN4B",0.246472050069522,152.234959011051
"SCUBE2",0.261160914297344,158.667908607622
"SCUBE3",0.32394959344326,200.904368998494
"SDC1",0.382359010059338,254.147927876709
"SDS",0.184171009768367,110.682613425648
"SECTM1",0.249642645161818,152.094868803094
"SELENOP",0.296300080460798,181.783912441424
"SELL",0.391494577800097,256.805901714672
"SELP",0.3797347356457,244.532187556042
"SEMA3B",0.307091321016854,194.418419894765
"SEMA3C",0.20307419315647,123.267514822476
"SEMA3E",0.202090944409311,122.594705161082
"SEMA6D",0.197353019637306,119.381599133167
"SERPINE1",0.397439393918629,260.321165047318
"SERPINE2",0.283095443676453,173.746490138095
"SFN",0.35081331227647,228.865837141316
"SGPP2",0.227884765746248,140.214183866388
"SHC4",0.327015727765045,205.984599724185
"SHCBP1",0.314451428639586,230.693613089817
"SKA1",0.327243408725325,242.353393014986
"SKA3",0.32684821394357,237.512485240082
"SLAMF6",0.259556954179695,160.234484924906
"SLAMF7",0.307556721678666,190.276027828662
"SLC2A4",0.355089503982819,228.161234025616
"SLPI",0.271269137336081,165.598101848782
"SOCS2",0.311509413492224,191.530126257071
"SOD3",0.294554250544799,180.410375475228
"SOX11",0.268580938718165,170.503173830181
"SOX17",0.287698412698413,178.202258189489
"SOX5",0.274801420439066,171.452105483368
"SP6",0.244058439372517,149.046836082194
"SPAG5",0.342624360828348,251.357640116225
"SPARCL1",0.249439835541736,153.113561116981
"SPC24",0.329519617211832,232.951465158342
"SPC25",0.328879660097201,242.215678346078
"SPINT1",0.287220708811189,179.875935394864
"SPINT2",0.299469371253729,188.889778670176
"SPP1",0.397221912130404,261.648869997377
"SPTBN2",0.249978019174176,153.578425101619
"ST14",0.238956501676815,146.597055323309
"STIL",0.321040436703557,220.383082017255
"STMN1",0.329104155791098,213.186367705813
"STRA6",0.299629183055867,187.989799868205
"SVEP1",0.302647329241681,187.396252972202
"SYN2",0.267658418018765,163.474368322895
"SYNM",0.275789399606477,169.141552279759
"SYNPO2",0.266970214869597,163.856044483578
"TACC3",0.357065243823233,252.663256272861
"TAGLN",0.306019832195608,192.712477928339
"TAL1",0.32388591621183,204.791989279514
"TEK",0.38855348237709,255.886236328903
"TFPI2",0.28026377653506,171.263551806329
"TGFBR2",0.350654878213934,221.337375745453
"TGFBR3",0.291215241201534,182.526934092128
"THRSP",0.278211216996595,171.072962158199
"THSD7A",0.252007807028063,154.92785955015
"TICRR",0.316174678878278,219.966191686665
"TIGIT",0.310078182471387,194.468658218741
"TIMP4",0.325522477607701,203.838760682836
"TK1",0.33741253452661,246.803768242822
"TMOD1",0.254913344845454,157.595916984468
"TMPRSS3",0.136019419820891,83.1411551684105
"TMTC1",0.271155632580378,167.316295148504
"TNC",0.34178625748173,213.349475835929
"TNN",0.284431262526622,176.602680273249
"TNS1",0.343325892632522,214.203013783461
"TNXB",0.307792891470104,192.88512648327
"TONSL",0.273860962677945,179.599084916938
"TOP2A",0.341009375993999,261.58563371132
"TP63",0.314565181430892,199.925304825015
"TPX2",0.345834247607781,260.036371896487
"TRIM46",0.298152074007513,182.630526107064
"TRIP13",0.349458850919047,257.338858944514
"TROAP",0.324815695094387,234.135735790921
"TRPV6",0.237187770925687,145.331205261731
"TTK",0.348312784880823,260.944043224061
"TYMS",0.357322178309928,256.665406608793
"UBE2C",0.339665956101103,255.271449821084
"UBE2S",0.348987215033888,239.148567551989
"UBE2T",0.328763147691743,236.374095020503
"UCHL1",0.319355474578754,201.637173605596
"UGT8",0.229354260986959,141.252409171423
"UHRF1",0.330545354242036,233.871252134113
"VANGL2",0.212836226193534,131.426289564251
"VEGFD",0.344456916160375,222.04560083602
"VWF",0.408387720485362,269.470073131682
"WDR62",0.265645732103607,175.970734693175
"WLS",0.240542431477549,147.8394158571
"WNT7B",0.252079109378429,157.498352771028
"XRCC2",0.290519739814528,195.951785319238
"ZBTB16",0.327466599818312,207.260844440798
"ZFP36",0.310044699892767,192.781492695413
"ZNF423",0.331027933050171,207.012183257281
"ZWINT",0.348540097735451,261.706664536267
