"gene_symbol","Closeness_Latora","Harmonic","regulation","log2FoldChange","padj"
"IL6",0.474913512517656,324.04899062162,"Down",-2.376407806,1.92e-26
"ESR1",0.464411282631899,302.989525923484,"Down",-3.174717004,7.92e-48
"FN1",0.463394621266777,309.771908060779,"Up",2.62333503,1.09e-61
"BCL2",0.454944065411544,300.701867575259,"Down",-1.746165178,1.01e-44
"MMP9",0.443441010495026,292.767143938339,"Up",5.243997308,1.88e-44
"IRS1",0.442301738245832,289.217598384033,"Down",-1.569863315,4.1e-31
"IGF1",0.432566919221111,284.29193220155,"Down",-2.8169839,1.13e-51
"PPARG",0.428133698772511,280.510771459627,"Down",-3.55105582,3.33e-91
"EGF",0.427651976821263,287.955281969741,"Down",-1.336015499,8.71e-08
"CXCL12",0.427118803831698,281.814795167211,"Down",-2.360442134,1.79e-91
"CAV1",0.424139691138552,271.589414748265,"Down",-3.224469125,1.6e-91
"KIT",0.414129232597111,273.09773615971,"Down",-1.851843134,8.81e-22
"AURKA",0.412852232356084,294.421988052998,"Up",3.819623211,0
"VWF",0.408387720485362,269.470073131682,"Down",-2.381212868,1.45e-69
"E2F1",0.406437692751323,275.025411490293,"Up",3.337266664,2.19e-194
"FOS",0.40630273616872,263.055746887283,"Down",-3.261291436,2.06e-70
"LEP",0.405329382536594,262.963428853652,"Down",-7.385990924,5.6e-141
"CD38",0.405317202640432,262.430916812693,"Up",1.304211935,2.05e-12
"CD36",0.404025768484876,264.786928282559,"Down",-5.079368456,1.12e-133
"MRC1",0.401379916471455,260.717674824909,"Down",-1.38045197,1.71e-14
"CDK1",0.399285141911447,298.64248862039,"Up",3.820580729,1.99e-245
"CXCL8",0.398289825892409,270.382513796181,"Up",2.126214874,2.03e-22
"SERPINE1",0.397439393918629,260.321165047318,"Up",1.074567499,0.000203542
"SPP1",0.397221912130404,261.648869997377,"Up",2.83243165,1.63e-49
"CDKN2A",0.397218103557499,269.201975635086,"Up",4.216071771,2.21e-103
"CEBPA",0.396681553623823,256.151751348828,"Down",-2.205467539,5.69e-32
"FGF7",0.39662323186389,262.297202572705,"Down",-1.423203201,7.29e-21
"CCNB1",0.395390833613402,294.338533603295,"Up",3.189261418,1.24e-269
"FGF10",0.395077336388598,259.536583716896,"Down",-3.464675509,1.1e-58
"AGT",0.394892272707156,257.594561215363,"Up",1.350664077,0.000228729
"CXCL13",0.394827756391275,255.425055328348,"Up",1.160710778,0.000212927
"FGFR3",0.394572317622553,261.992743207771,"Up",1.698532898,3.29e-15
"MUC1",0.394569364954213,252.7487877331,"Up",1.226334093,8.89e-09
"EZH2",0.393637461255554,262.740997513783,"Up",3.202383085,6.12e-220
"FGF2",0.392800907505545,262.316552409851,"Down",-2.334077583,2.3e-43
"HGF",0.39245644579263,262.119151314152,"Down",-1.125108795,3.19e-11
"AR",0.391742341606077,251.546632272183,"Down",-1.493201909,7.45e-12
"SELL",0.391494577800097,256.805901714672,"Up",1.816883128,1.18e-24
"NDC80",0.38873603817656,275.917448284389,"Up",4.396516168,3.83e-261
"TEK",0.38855348237709,255.886236328903,"Down",-2.227677119,4.24e-58
"ERBB4",0.387743818995838,253.652827510888,"Down",-3.200928935,1.27e-40
"CCR7",0.386823201122054,253.327868715099,"Up",1.985214742,1.89e-25
"FOXM1",0.385663683979198,277.249903552976,"Up",4.723599412,1.88e-238
"COL1A1",0.385019808605326,254.792848813262,"Up",1.733770418,1.19e-21
"GPX3",0.384271120501461,245.123227221225,"Down",-3.451701168,2.32e-70
"ADIPOQ",0.38320530091857,248.399124134536,"Down",-5.88774765,7.17e-60
"SDC1",0.382359010059338,254.147927876709,"Up",2.28679587,7.21e-43
"EGR1",0.380761562514155,245.920267000613,"Down",-2.95584805,1.74e-75
"LPL",0.380476316989252,247.97703727363,"Down",-3.932782803,7.49e-65
"ANGPT1",0.380199972074968,248.517437327249,"Down",-1.231279172,2.65e-09
"SELP",0.3797347356457,244.532187556042,"Down",-2.062304266,1.26e-28
"FGF1",0.379618169572818,248.213484114304,"Down",-2.340147185,1.07e-69
"RAD51",0.379536938759752,273.197163524309,"Up",3.267048714,5.78e-218
"CLDN5",0.379195999874473,242.476632505512,"Down",-2.656899212,1.49e-40
"CCL5",0.378359160695007,252.228824519612,"Up",1.643644632,1.1e-26
"GHR",0.376845568685952,240.582776538207,"Down",-3.95703713,3.51e-99
"PLAT",0.376521422446,242.439485281855,"Down",-1.520956094,2.09e-23
"DCN",0.375899404134634,247.810249975154,"Down",-2.598899543,3.8e-77
"F3",0.374725416720506,239.172674076082,"Down",-1.469997154,1.79e-30
"MMP3",0.374559892126751,244.870640143967,"Up",2.82623962,3.34e-33
"CD79A",0.374523854263728,241.425838653026,"Up",1.984428644,6.81e-17
"CALML5",0.374446722687339,246.574154163354,"Up",3.555557703,4.6e-28
"MME",0.374408531350259,240.338427323114,"Down",-2.669153122,6.6e-45
"PROM1",0.37388117669431,241.785931644771,"Up",1.240187069,5.26e-09
"CDC45",0.373792023407114,277.371629355552,"Up",3.95053375,1.54e-204
"ITGA7",0.373243583267104,242.895625698606,"Down",-3.503404864,4.71e-72
"LEPR",0.369394282540771,235.02399690024,"Down",-3.294838246,4.84e-118
"CX3CL1",0.366615487987338,238.088826954387,"Down",-1.3819219,4.92e-20
"MMP7",0.366205542331467,235.388409001125,"Up",1.985146842,1.51e-16
"NGFR",0.365479572212462,237.127941077071,"Down",-1.65599983,7.57e-17
"BMP4",0.364149826306812,236.284589554374,"Down",-1.713095646,2.69e-43
"FGFR4",0.364059540054709,236.252769416506,"Up",1.39510363,3.37e-06
"PRKN",0.363853763408482,229.441652070351,"Down",-2.12925659,1.18e-63
"COL14A1",0.362646191746048,234.268454398055,"Down",-2.334467967,1.26e-41
"LYVE1",0.362538972939591,234.371237965795,"Down",-4.614442812,7.71e-114
"CXCL10",0.362492297038688,241.379276846891,"Up",5.078673315,2.69e-125
"CXCL11",0.362293492709156,235.049646729208,"Up",4.614178409,5.96e-114
"MCM10",0.361615172873874,265.339370915314,"Up",4.30154227,2.79e-232
"MELK",0.360734430422103,270.458625850029,"Up",4.704919865,3.42e-248
"PGR",0.360703695595932,230.479056600217,"Down",-3.194335368,2.99e-33
"CHEK1",0.360261873113284,266.401447143608,"Up",2.887760272,1.36e-198
"SAA1",0.359912007719492,228.636713095156,"Down",-2.484551997,1.02e-26
"KLF4",0.359608299759559,228.863007355513,"Down",-3.032515486,3.89e-95
"OXTR",0.358447969732159,223.016287880629,"Down",-4.920957757,7.02e-113
"LRP2",0.35835362459245,228.469332091569,"Down",-1.212214089,1.65e-05
"CXCL9",0.358230784624241,233.794383666481,"Up",3.858212973,1.54e-74
"LCN2",0.358176363571241,227.741547218258,"Up",3.378570952,9.82e-24
"AURKB",0.358023144344438,275.027781414177,"Up",4.6550852,2.3e-239
"DPP4",0.357854599974086,225.802265380187,"Down",-1.193391855,5.07e-12
"ISG15",0.357541789237745,229.296758069717,"Up",3.22249764,1.61e-75
"TYMS",0.357322178309928,256.665406608793,"Up",2.677534061,3.54e-101
"TACC3",0.357065243823233,252.663256272861,"Up",3.041388947,2.9e-213
"ATAD2",0.356813068709278,238.916748657318,"Up",2.542374668,2.79e-121
"CLSPN",0.356263167916659,243.83990958579,"Up",3.95546588,1.08e-204
"FBN1",0.356203217620513,229.352074714764,"Down",-1.407018044,6.33e-16
"CNTFR",0.355840009423625,226.39742129969,"Down",-1.877015018,6.35e-15
"DUSP1",0.355825164691837,227.017745269025,"Down",-2.671019777,3.99e-74
"IDO1",0.355374736532523,227.346641904015,"Up",4.072249201,1.82e-62
"SLC2A4",0.355089503982819,228.161234025616,"Down",-4.878574755,2.83e-117
"BMP7",0.35428782954113,224.920992564936,"Up",1.39403982,1.52e-11
"NTRK2",0.354252341272047,231.007099221662,"Down",-2.746311874,8.74e-46
"LIPE",0.354131647829509,228.670873369278,"Down",-5.188537264,1.42e-113
"CDC20",0.353873665881027,269.161282384163,"Up",4.893878084,5.28e-268
"CCNB2",0.353439145701022,269.492732301529,"Up",4.138446592,2.03e-259
"ESPL1",0.35340985672277,261.451995025227,"Up",3.331768773,2.41e-154
"RRM2",0.353101110502992,264.62121583026,"Up",4.156431445,5.89e-172
"CDC6",0.353066289413307,257.125197832899,"Up",3.187322955,8.54e-156
"ATF3",0.352865235291147,226.765832526427,"Down",-2.01351737,9.27e-43
"ANLN",0.352772732857374,257.486555999815,"Up",4.50359143,6.49e-233
"CCNA2",0.352728537684787,270.429065796505,"Up",3.940807919,2.34e-222
"CD209",0.352700867704945,222.077873939749,"Down",-1.43740795,1.43e-12
"CCL19",0.352294255599201,227.591890936699,"Up",1.461997502,4.94e-10
"F13A1",0.352031891661579,221.00736075233,"Down",-2.04114829,4.37e-27
"PBK",0.35190566015985,267.672355915688,"Up",4.102654641,4.17e-169
"HJURP",0.351196307836885,263.297874549019,"Up",4.617095814,5.09e-267
"PDGFD",0.350876131651144,224.062042431481,"Down",-2.708237718,1.27e-120
"SFN",0.35081331227647,228.865837141316,"Up",2.12741071,1.26e-21
"TGFBR2",0.350654878213934,221.337375745453,"Down",-2.017501969,1.06e-49
"PLK1",0.350307757444493,264.376299035945,"Up",4.460787516,0
"IL33",0.350193753750998,221.530856738213,"Down",-2.310996269,3.61e-32
"IL20RA",0.350097151959669,219.741834341464,"Down",-2.087868119,4.58e-28
"LIFR",0.349675434878678,222.077646129423,"Down",-2.747193851,4.8e-77
"GATA3",0.349646555559441,220.153418553003,"Down",-1.026273179,6.3e-08
"KIF20A",0.34950223048708,260.816133273659,"Up",4.292771333,1.41e-200
"TRIP13",0.349458850919047,257.338858944514,"Up",3.550995198,6.16e-226
"KIFC1",0.349289226535141,255.642470477124,"Up",4.227591127,5.91e-272
"NR2F1",0.349243796858131,217.011352433498,"Down",-1.434369002,7.81e-18
"SAA2",0.349227184325721,222.231639473732,"Down",-1.874176409,3.14e-14
"UBE2S",0.348987215033888,239.148567551989,"Up",3.383300419,4.05e-206
"PLIN1",0.348718010383379,223.038890087222,"Down",-6.236734565,9.22e-106
"ZWINT",0.348540097735451,261.706664536267,"Up",3.008094326,2.15e-156
"ADAMTS4",0.348449639414701,222.251975716697,"Up",1.421391215,1.22e-15
"NUF2",0.348443359330412,266.310895285323,"Up",4.78311334,2.57e-285
"COMP",0.348354834234151,224.76866483916,"Up",3.398321525,2.55e-51
"TTK",0.348312784880823,260.944043224061,"Up",4.150111297,1.31e-232
"CENPE",0.347366126292741,259.634059888189,"Up",3.43042072,1.37e-204
"CDKN3",0.346641788145688,255.682617683558,"Up",3.622704303,1.86e-214
"MAD2L1",0.346364191197811,260.817058812145,"Up",2.940515674,1.88e-185
"CDCA3",0.346224215996156,258.505655146811,"Up",4.319930437,1.95e-283
"CDC25A",0.3460967447811,242.06955040168,"Up",3.308935901,4.36e-197
"HMMR",0.345941509641032,255.152019460873,"Up",3.624375215,3.7e-163
"TPX2",0.345834247607781,260.036371896487,"Up",4.591397158,0
"KIF4A",0.345823112670363,261.409945813149,"Up",4.703897206,3.41e-254
"AREG",0.345562883209874,222.001765205206,"Down",-1.651214857,2.25e-11
"KIF15",0.34548178328166,255.392999145546,"Up",3.437725629,9.78e-202
"PLEK2",0.345336351652434,215.000882160015,"Up",2.380437227,1.09e-26
"MKI67",0.345066999517501,256.112460604373,"Up",4.048060983,5e-153
"VEGFD",0.344456916160375,222.04560083602,"Down",-5.117580858,7.86e-159
"BIRC5",0.344376538932658,262.49806742025,"Up",4.555274733,7.53e-167
"CENPA",0.343847355487774,260.280811561338,"Up",4.573289521,2.08e-263
"NCAPH",0.343695149513315,255.731414952825,"Up",3.690212853,4.57e-227
"NEK2",0.343548775929788,254.755245760806,"Up",4.892114092,8.56e-228
"MAPT",0.343434654451446,230.117387960635,"Down",-2.162035171,1.27e-30
"EXO1",0.34342509691397,260.474084270838,"Up",4.469855523,1.54e-213
"TNS1",0.343325892632522,214.203013783461,"Down",-3.459529077,1.29e-131
"CEP55",0.343127046930314,258.907337826263,"Up",4.468232285,6.58e-249
"CENPF",0.342746045862966,259.577642691551,"Up",4.248695254,3.03e-230
"C7",0.342720527364166,213.613467325854,"Down",-2.017153457,5.1e-15
"SPAG5",0.342624360828348,251.357640116225,"Up",3.255645766,6.28e-210
"GPER1",0.342586921094553,212.800002821803,"Down",-1.873773262,1.03e-28
"BUB1",0.342438457019546,261.599504166057,"Up",4.404825254,4.77e-241
"CXCL2",0.342433806954713,220.911430282862,"Down",-2.824309312,1.69e-57
"BUB1B",0.342265276833598,258.780871105642,"Up",3.698043808,6.8e-176
"CDCA8",0.342239022093299,258.477391010353,"Up",4.244341814,0
"FLNC",0.342211357994972,217.561446297762,"Down",-2.95023847,8.17e-20
"CDCA5",0.341895658160932,256.43745465639,"Up",4.060605706,4.66e-258
"COL2A1",0.341891224359632,222.712559084164,"Up",4.831948045,1.68e-53
"TNC",0.34178625748173,213.349475835929,"Up",1.084939965,2.12e-08
"DEPDC1",0.341572493755996,250.226990035401,"Up",4.352841046,3e-213
"G0S2",0.341435559924884,212.688123757915,"Down",-3.661059186,2.57e-58
"CDT1",0.341401192902858,246.873206231722,"Up",3.514237802,1.13e-133
"KIF11",0.341353974655056,259.165965906787,"Up",3.199103826,4.03e-198
"TOP2A",0.341009375993999,261.58563371132,"Up",3.91133922,2.24e-137
"PTTG1",0.34087950438471,251.474424928876,"Up",4.16993176,5.66e-244
"ASPM",0.340841643796976,258.017103352334,"Up",4.558338401,2.78e-183
"CCDC170",0.340493880503085,210.118247763396,"Down",-2.916434176,6.99e-91
"DLGAP5",0.340469095972368,259.687488142877,"Up",4.274941963,7.03e-196
"MYBL2",0.339847267950235,239.063963500076,"Up",4.989453945,2.47e-213
"UBE2C",0.339665956101103,255.271449821084,"Up",5.250242334,7.91e-262
"EFNA3",0.33966575718232,218.143747208397,"Up",2.355514417,1.25e-52
"EBF1",0.339106524467998,215.176978929637,"Down",-2.873784511,5.84e-58
"KIF23",0.339087690415277,252.342037621064,"Up",3.54515342,5.27e-217
"KIF2C",0.338519490843339,254.242507585257,"Up",4.512753154,4.24e-282
"CIDEC",0.338322225086943,214.883529916108,"Down",-6.195497837,4.54e-104
"ASF1B",0.337816980079282,241.467885832825,"Up",3.630719633,2.34e-201
"MCM2",0.337649620988301,240.470831023516,"Up",2.452446649,1.22e-88
"NCAPG",0.337608544057333,254.73783470197,"Up",3.95336496,5e-201
"TK1",0.33741253452661,246.803768242822,"Up",3.632719521,5.69e-167
"ACSL1",0.337347183180102,214.630900032491,"Down",-2.593116715,2.21e-50
"FLRT2",0.33720067626177,209.780717799035,"Down",-1.100620143,1.93e-09
"FMOD",0.337021393304547,214.935919995562,"Down",-1.789321429,1.33e-29
"ITPR1",0.336624515086582,208.829643653325,"Down",-2.34326686,5.33e-68
"BGN",0.336310453978524,216.031717326918,"Up",2.403185466,7.65e-62
"ORC1",0.336001065934416,230.352199790475,"Up",3.428831535,7.12e-168
"NR3C2",0.335917387489394,211.303598265466,"Down",-2.242842755,4.35e-66
"SCD",0.335371001279036,212.449174441622,"Down",-2.100715847,7.84e-22
"EMCN",0.335239768684559,212.633137960353,"Down",-2.319499468,2.29e-80
"CCL21",0.33522736796232,216.713194818749,"Down",-1.603583272,8.12e-10
"CD2",0.334424826776589,217.411047949365,"Up",1.459965313,5.22e-21
"KIF14",0.333726900919936,249.305961039626,"Up",4.490961836,8.48e-193
"CCNE1",0.333301727135071,230.046858546007,"Up",4.116808158,1.27e-239
"FBN2",0.332748537340697,208.747293266434,"Up",5.020325238,6.73e-78
"CENPM",0.332416132269525,243.450512360063,"Up",3.422926952,5.56e-137
"CDC7",0.332029639942479,230.653543295039,"Up",2.760915339,6.95e-141
"CKS2",0.33178500331785,234.47648783306,"Up",3.396709291,1.26e-201
"GPAM",0.331549823935611,207.821451666295,"Down",-4.769437411,3.94e-155
"NR4A1",0.331462854158058,210.694699354101,"Down",-1.996753366,1.39e-28
"FABP4",0.331235697613789,209.924391502898,"Down",-4.917716756,1.55e-64
"MCM4",0.331235319279437,243.376334581769,"Up",2.653523545,1.37e-152
"ZNF423",0.331027933050171,207.012183257281,"Down",-1.775951332,1.79e-34
"CDKN1C",0.330650503557914,221.842350860364,"Down",-1.449594948,4.2e-21
"UHRF1",0.330545354242036,233.871252134113,"Up",3.93833227,4.97e-145
"FAM83D",0.330306661260268,225.182373817074,"Up",4.468028781,4.99e-249
"RAD51AP1",0.330204362341217,241.239519408211,"Up",3.347943398,9.48e-184
"DMD",0.329880770851735,210.699244160444,"Down",-1.68291545,1.49e-29
"IL12RB2",0.329810239698122,204.926900576202,"Up",3.612479552,1.52e-68
"CD7",0.329662522202487,209.382870904328,"Up",1.874259907,9.29e-32
"SPC24",0.329519617211832,232.951465158342,"Up",3.945232724,2.13e-232
"EDNRB",0.329282402807757,206.593457057401,"Down",-2.140222002,2.06e-46
"STMN1",0.329104155791098,213.186367705813,"Up",2.871847203,3.37e-198
"CENPU",0.328930578634257,235.029290411976,"Up",2.814686443,3.95e-143
"SPC25",0.328879660097201,242.215678346078,"Up",3.413078204,3.74e-202
"UBE2T",0.328763147691743,236.374095020503,"Up",3.95043293,1.69e-254
"CDCA2",0.328659567620006,242.093021188606,"Up",4.392291755,8.35e-201
"IQGAP3",0.328571129134685,222.776549896028,"Up",4.664511161,7.85e-218
"ERCC6L",0.328356282418106,234.169400957027,"Up",3.561867438,3.74e-202
"KIF18A",0.328131320417406,241.422809851103,"Up",3.336781224,6.99e-203
"ZBTB16",0.327466599818312,207.260844440798,"Down",-4.742812339,5.86e-89
"CD24",0.327410958331875,205.871948322474,"Up",1.977675374,1.29e-30
"SKA1",0.327243408725325,242.353393014986,"Up",4.445909697,6.43e-271
"SHC4",0.327015727765045,205.984599724185,"Up",2.4629358,9.84e-27
"CD3E",0.327012224619059,206.710983511249,"Up",1.237915525,5.43e-15
"SKA3",0.32684821394357,237.512485240082,"Up",4.05393479,3.64e-219
"CX3CR1",0.326481169072776,210.120542894447,"Down",-1.90855532,2.35e-26
"GTSE1",0.326289786960897,232.210993765277,"Up",4.138146539,1.26e-243
"KNL1",0.326232893162665,237.122726746181,"Up",3.474601183,7.32e-159
"CENPI",0.325997820311126,232.918708354794,"Up",2.97563469,3.19e-195
"DTL",0.325816887538684,236.813903605336,"Up",3.444553177,2.36e-166
"GPC3",0.325725764739512,209.686402909955,"Down",-3.131922879,9.04e-54
"TIMP4",0.325522477607701,203.838760682836,"Down",-5.585951714,5.54e-110
"GINS1",0.325112107623318,223.61484238023,"Up",3.185728784,8.02e-217
"TROAP",0.324815695094387,234.135735790921,"Up",4.343728507,1.57e-226
"RBP4",0.324251858717875,202.538692672615,"Down",-5.014690526,1.66e-77
"AKAP12",0.323999177712432,203.221963292113,"Down",-3.136779821,2.78e-77
"TAL1",0.32388591621183,204.791989279514,"Down",-2.195677023,9.23e-64
"IL32",0.322495626848095,207.591537127906,"Up",1.938327442,9.47e-37
"CKAP2L",0.321935163368219,234.994065159802,"Up",4.232223862,8.81e-208
"STIL",0.321040436703557,220.383082017255,"Up",3.087490007,3.52e-187
"E2F2",0.320805686889225,209.522156804621,"Up",3.527894754,5.58e-147
"ORC6",0.320663264318858,220.074964050564,"Up",3.616841146,9.76e-228
"KPNA2",0.320180184158809,227.740659535336,"Up",2.810775676,2.96e-231
"PRKAR2B",0.319807321602654,210.292576630441,"Down",-2.70391762,6.73e-48
"CXCL14",0.319218552982299,202.87930631272,"Down",-2.073201459,3.88e-24
"LMNB1",0.319159005016299,215.682002230571,"Up",3.109210954,6.93e-171
"H4C8",0.31878448574841,215.875776489272,"Up",2.486437201,1.23e-32
"COL9A2",0.317355574487457,202.421464695545,"Up",1.445669562,2.6e-13
"COL9A3",0.317339078994451,202.379803129616,"Up",4.859887406,1.59e-84
"CENPW",0.316356964107666,221.433985944444,"Up",3.150625201,3.99e-154
"CBX2",0.316252947831895,211.789844434882,"Up",3.761870018,3.48e-228
"TICRR",0.316174678878278,219.966191686665,"Up",3.257622509,3.66e-192
"PIMREG",0.31594096479655,218.941264015607,"Up",4.325430952,1.6e-185
"KIF18B",0.315917732843625,228.472367369328,"Up",4.622485558,1.28e-201
"ARHGAP11A",0.31516121039293,222.037881674927,"Up",3.106261219,2.71e-208
"PKMYT1",0.315024267731521,216.594496660237,"Up",4.548227498,2.54e-182
"SHCBP1",0.314451428639586,230.693613089817,"Up",3.37708337,1.32e-172
"MX1",0.31354046104503,202.47235133158,"Up",1.913995875,8.65e-34
