"gene","coef","hr","se_coef","z","pval","lower_95","upper_95","sig"
"IL12RB2",-0.326769167729552,0.721250211636618,0.103270022416583,-3.16422094314449,0.001554987008091,0.589090950377635,0.883058664290109,"**"
"SERPINE1",0.442878953779924,1.55718383171645,0.163602140421129,2.7070486525415,0.00678843080297185,1.13000793040918,2.14584466224152,"**"
"AKAP12",0.502993315517222,1.65366380725858,0.202093530535804,2.48891349556639,0.0128134138259138,1.11281993324347,2.45736431002501,"*"
"VWF",0.593755326269803,1.81077571677372,0.242354574426411,2.44994478719894,0.014287812170511,1.12608733503247,2.91177122275587,"*"
"COL1A1",0.540655399140708,1.717131900242,0.224159526269304,2.41192247386875,0.0158686553460794,1.10662052693367,2.6644562350554,"*"
"COL14A1",0.364825621104658,1.44026283480805,0.153264840530846,2.38036081753032,0.0172956934093682,1.06655310730435,1.94491677828603,"*"
"DMD",-0.418589606506017,0.657974168184295,0.176636660700116,-2.36977762626907,0.0177987867358895,0.465431149466813,0.930169814576806,"*"
"TIMP4",0.304097119404715,1.3554006854054,0.129272480069351,2.35237321386251,0.0186540478804729,1.05203639978879,1.7462428280678,"*"
"COL9A3",-0.196077812146095,0.821948274630556,0.0848692645412945,-2.31035125856064,0.0208687152369302,0.695991024863842,0.970700687268657,"*"
"KLF4",0.49878647878132,1.64672172594482,0.217836559236987,2.28972804440362,0.0220370866400504,1.074477684006,2.52373081643596,"*"
"BMP7",-0.212322624050024,0.808703748195979,0.0932701416987531,-2.27642651960142,0.0228204939232106,0.673593313503376,0.970914852085965,"*"
"LEPR",0.482937539100902,1.62082866343469,0.212470409928913,2.27296374710474,0.0230283646965957,1.06876437114069,2.45805869576995,"*"
"HGF",0.397311069557903,1.48781867317183,0.178779710296063,2.2223498902641,0.026259668973452,1.04802692379309,2.11216368013443,"*"
"NR3C2",-0.360946252944052,0.697016460042813,0.176354291888575,-2.04671090835775,0.0406864775750129,0.493321437891582,0.984818230578066,"*"
"DCN",0.472296613178,1.60367298372865,0.233441369677079,2.02319157838789,0.0430533996125995,1.01486940187233,2.53408668543607,"*"
"FBN1",0.46271681165879,1.58838346704012,0.236861721407594,1.95353140604151,0.0507566596136033,0.998477528521115,2.5268090330518,"."
"LYVE1",0.311753572467542,1.36581807637703,0.161051132468039,1.935742814658,0.05289920786885,0.996106751580525,1.87275009912173,"."
"ZNF423",0.32193330005738,1.37979274079127,0.169390711239391,1.90053691670501,0.0573626951088631,0.989984103268022,1.92308947310931,"."
"CDC7",-0.408057454401921,0.664940673956158,0.22069209453036,-1.84898990274337,0.0644592707408812,0.431448981206964,1.02479347301825,"."
"TNC",0.216990578507289,1.242332397457,0.118336867129226,1.8336684396954,0.0667032261789939,0.985165709357557,1.56662962495693,"."
"TGFBR2",0.281629569206909,1.32528770167385,0.154602954083075,1.8216312286994,0.0685109592009341,0.978840420100824,1.79435529647115,"."
"COL9A2",-0.265684997162372,0.766680596030691,0.149178809456677,-1.78098349309812,0.0749151474194795,0.572312509820977,1.02705973789363,"."
"SDC1",0.353786246806625,1.42445067305552,0.203093936236438,1.74198330763925,0.0815113651627948,0.956695085064674,2.12090534554294,"."
"CD209",0.25907338432527,1.29572888752936,0.151940770809546,1.70509457695205,0.0881767868863421,0.962015174776694,1.74520464333402,"."
"DPP4",0.23403833471595,1.26369293458895,0.138515521016964,1.6896181236418,0.0911010363591102,0.963245374194447,1.65785362246409,"."
"MME",0.207645957307881,1.23077734467861,0.123189145054886,1.68558647935551,0.0918754752211535,0.966764518962337,1.56688918807242,"."
"EXO1",-0.280687690015329,0.75526417519372,0.169428137103818,-1.65667695350588,0.0975848048774408,0.541852889101297,1.05272849108019,"."
"TEK",0.35041216015485,1.41965255224314,0.211553793425205,1.656373797328,0.0976461440460992,0.937793357187818,2.14910177561306,"."
"TYMS",-0.352467887665148,0.702951142850763,0.215534132173994,-1.63532283314,0.101981389472447,0.460746617308906,1.07247734583779,""
"FGF2",-0.229336934383737,0.795060605115467,0.140368716902759,-1.63381798625837,0.102297074517975,0.603834838840176,1.04684480779666,""
"IRS1",0.242216457146537,1.27406994451558,0.148924333515606,1.62643975922951,0.103856138618168,0.951543502889612,1.70591698497074,""
"EDNRB",0.267178381337689,1.30627344035282,0.166981784340326,1.60004507313894,0.109588584659276,0.941670454082213,1.81204612884905,""
"EMCN",0.342737304144353,1.40879862775127,0.214332290676599,1.59909317939172,0.109799899980188,0.925569304648209,2.14431654505679,""
"IGF1",0.264215018501508,1.30240820805721,0.166254614223556,1.58921916083622,0.112010922042907,0.9402231505963,1.80411122544579,""
"EBF1",0.313357001224713,1.3680098250446,0.197911950303983,1.58331521034183,0.113349637793875,0.928167289596048,2.01628618288524,""
"COL2A1",-0.0967729014595257,0.907762134182468,0.0621395095102392,-1.55734897526959,0.119387653489962,0.803671960719727,1.02533388314002,""
"DUSP1",0.323728081151911,1.38227139036815,0.210996472346863,1.53428196003071,0.124960301841653,0.91409807930371,2.09022887137638,""
"OXTR",-0.292170489773174,0.746641230427501,0.191539508395838,-1.5253797622231,0.127164403539073,0.512947884907814,1.08680266236887,""
"CEBPA",0.338642984801005,1.40304234834311,0.227653860636297,1.48753455730771,0.136873683180526,0.898031275812313,2.19204818837018,""
"BGN",0.359785795557211,1.43302242191253,0.244032945345583,1.47433288176605,0.140391986027125,0.888242943520998,2.31192747061267,""
"BMP4",0.206503866649625,1.22937248776054,0.140390478209661,1.47092501772969,0.141311396057269,0.933647412769227,1.61876602772326,""
"NUF2",-0.245039200797626,0.782673856201048,0.168768712729392,-1.45192314875641,0.146522975155654,0.562243752694077,1.08952453850373,""
"CLDN5",0.180205565557337,1.19746349507357,0.124201709299987,1.45091051140112,0.146804780548566,0.938731942768104,1.52750615666228,""
"STMN1",-0.323576939732761,0.723556285553453,0.227077077515866,-1.42496522886663,0.154167252469318,0.463643271725743,1.12917350534441,""
"SHC4",-0.120706191250997,0.886294322368675,0.0853471982758976,-1.41429588421633,0.157275044910923,0.749773868896007,1.04767271633456,""
"FOS",0.244027028701448,1.27637882888553,0.173458053188802,1.40683597109115,0.159476033444344,0.908514429610113,1.79319432001354,""
"FLRT2",0.194911745399321,1.21520373443673,0.13958986248357,1.39631733946484,0.16261895455767,0.92433625826055,1.59760055173852,""
"RAD51",0.373828519005167,1.45328791783021,0.269691344271548,1.38613465706473,0.165705789493491,0.856623480662885,2.46554737266469,""
"NDC80",-0.234554620368941,0.79092303220372,0.172548058524822,-1.35935821228147,0.174033105993626,0.563976553204938,1.10919370551033,""
"EGF",-0.146563572812729,0.863670824605869,0.108529467436846,-1.35044957166141,0.176871819034299,0.698180635035904,1.06838725659732,""
"CX3CL1",-0.21658115972136,0.805267177010786,0.160381984106304,-1.35040828262735,0.176885055511591,0.588061307337752,1.10270003871974,""
"PRKN",0.281259766670895,1.3247976975288,0.211953414630842,1.32698860813714,0.18451245106732,0.874449011243415,2.00707979174448,""
"FLNC",0.181905712726902,1.19950109086093,0.14184070397771,1.28246481881173,0.199679638703499,0.908375936929453,1.58392886522301,""
"F13A1",0.209830873112196,1.23346942946892,0.167069909738255,1.25594652825834,0.209135357566243,0.889033703156107,1.71134888141269,""
"C7",0.109323417634877,1.11552307184,0.0871818041108656,1.25397058193307,0.20985269831353,0.940306137517473,1.32338998349272,""
"H4C8",-0.18122794191248,0.834245177580234,0.146097789207847,-1.24045642918426,0.214806620375592,0.626520147101207,1.11084219643371,""
"RAD51AP1",-0.250810186271055,0.778170064903174,0.202352929567578,-1.23946901488913,0.215171856695705,0.523397199030517,1.15695814007614,""
"CXCL12",0.263154013249641,1.30102707893058,0.214050321757463,1.22940255865542,0.218920911420419,0.855236783795772,1.97918458628276,""
"CDCA3",-0.24210268277664,0.784975569942278,0.198781568004825,-1.21793325813167,0.223249336463855,0.531683231305311,1.15893563897705,""
"ZBTB16",0.13121396109272,1.1402117161595,0.108128328070119,1.21350217315513,0.224937884021539,0.922457783154085,1.40936830000189,""
"PLAT",0.237114237783358,1.26758591570965,0.198121068486455,1.19681485464818,0.231378727037648,0.859679252915141,1.86903900292693,""
"F3",0.162621850136931,1.17659167757137,0.136989591411597,1.18711099479317,0.23518384206284,0.899539048416796,1.53897485402855,""
"FABP4",0.0897079767417164,1.09385480601548,0.0764465615203969,1.17347301118025,0.240606173622481,0.941647262402558,1.27066512527241,""
"LRP2",-0.0983966485176367,0.906289354122358,0.0844789946165398,-1.1647469168433,0.244121451731742,0.767994708819448,1.06948704719347,""
"FN1",0.251732216235015,1.28625155387955,0.216988410085811,1.16011825763166,0.246000661664568,0.840669019300509,1.96800764852042,""
"NR2F1",0.188438068208158,1.20736230656007,0.163357373465846,1.15353267630466,0.248691813489996,0.876571941012078,1.66298243315773,""
"CAV1",0.212078994299133,1.23624553757125,0.184098817432914,1.15198455512304,0.249327420078829,0.861786208151525,1.77341319077611,""
"CENPU",-0.243456851649813,0.783913299868125,0.21280317058231,-1.14404710692807,0.252604101490294,0.516570552848418,1.18961496802637,""
"GPX3",0.205354030771792,1.22795972354604,0.182625217298835,1.12445605162931,0.260819604715429,0.858486075965673,1.75644675535955,""
"LCN2",-0.0871303483116899,0.916557616108518,0.0776893001845018,-1.12152314546233,0.262065245045491,0.78710109814403,1.06730617658572,""
"NEK2",-0.192987657616283,0.8244921502748,0.172670892340177,-1.1176617842229,0.263711470287899,0.587771866928773,1.15654958005525,""
"CD24",-0.179590826718089,0.835612051596124,0.162144466887679,-1.10759762676635,0.268035628836086,0.608116902219747,1.14821261869871,""
"SELP",0.138100567890312,1.14809100555885,0.124761872130449,1.10691323825212,0.26833144172281,0.899039589578524,1.46613449766219,""
"CENPF",-0.184933997946172,0.831159140252103,0.169308656699152,-1.0922890864038,0.274706055790799,0.596442243759052,1.15824377574384,""
"IDO1",-0.111730976938404,0.894284808379128,0.102612289840119,-1.08886544791558,0.276213225041473,0.731361532202619,1.09350202777158,""
"E2F2",0.250811271207082,1.28506753219946,0.231938906082173,1.08136782846696,0.279533526458664,0.815641277707582,2.02466281127236,""
"IL6",0.17762787400357,1.19438077838968,0.165015493172691,1.07643149493654,0.281734323154309,0.864333534382098,1.65045712915277,""
"CX3CR1",0.142163499206357,1.15276510931048,0.133278642049126,1.06666377313446,0.286123691475769,0.887756452226494,1.49688283752915,""
"CXCL11",-0.125783576090274,0.881805669964034,0.118041330998498,-1.06558927306465,0.286609350389226,0.699674303076819,1.11134743145676,""
"SAA1",-0.100754051407706,0.904155381284848,0.0948507422334345,-1.0622378806456,0.288127706990429,0.750768380106436,1.08888037265295,""
"CDT1",-0.251245031257709,0.777831755113176,0.236625902738842,-1.06178160695704,0.28833484165271,0.489180724302039,1.23680719457147,""
"KNL1",0.270917925742511,1.3111674528732,0.258008804928742,1.05003364446161,0.293702644503304,0.790752670513023,2.17408066210973,""
"G0S2",0.139016587026182,1.14914316071322,0.132400222525629,1.04997245755589,0.29373077596692,0.886492086071403,1.48961285110401,""
"MRC1",0.18144949703513,1.19895398444973,0.173160567911394,1.04786845656441,0.294699217050468,0.853901885801698,1.68343773532985,""
"MMP7",-0.0933510490818805,0.910873682793551,0.0894353326741044,-1.04378265603422,0.296585957749975,0.764417571118885,1.08538957940417,""
"KIT",0.146745770082978,1.15805951222864,0.14184680222914,1.03453703415833,0.300885172839398,0.876981962927925,1.52922396418027,""
"ATAD2",-0.206733635969225,0.813236238022991,0.200855357027462,-1.02926622933417,0.303354587893859,0.548590563411581,1.20554968120661,""
"KIF14",-0.187351077006256,0.829152588872165,0.18346730472124,-1.02116874334049,0.307174498352075,0.578717756988539,1.1879608104837,""
"CD36",0.138690950048604,1.1487690181282,0.136665360350748,1.01482152970334,0.310190908943517,0.878826104525344,1.5016284225239,""
"SPC24",-0.229854778627175,0.794648994142308,0.229517281408194,-1.00147046539115,0.31659941191624,0.506768805655582,1.24606530008193,""
"COMP",0.119724916597693,1.12718673856478,0.120528985663288,0.993328832386909,0.32054973108501,0.890023373362717,1.42754671576306,""
"ITPR1",0.182060625934819,1.19968692381643,0.18398820746382,0.989523341981691,0.322407155233125,0.83648253764325,1.72059624727033,""
"CXCL13",-0.101253882119549,0.903703569581093,0.10438818914081,-0.969974505285909,0.33205920025968,0.736496368940633,1.10887191860608,""
"CENPW",-0.203672704232269,0.815729312252084,0.210746703347429,-0.966433642838538,0.333827236349534,0.539707122308016,1.23291741643442,""
"EZH2",-0.251770808368415,0.777422896474033,0.260605343301593,-0.966099947064578,0.333994171031345,0.466476378566551,1.29564193972546,""
"ESR1",0.100790404055221,1.10604479496343,0.105668988529969,0.953831445321683,0.340168969406758,0.899139568683851,1.36056195397606,""
"SPP1",0.132141528919545,1.14126983052373,0.139507838929059,0.947197877437838,0.343537956762984,0.868238518698694,1.50016014955871,""
"ESPL1",0.253628281862276,1.28869268477973,0.271029812452619,0.935794773154764,0.349378863164507,0.757614658056874,2.19204950451227,""
"NCAPH",-0.198630479596957,0.819852789699571,0.214059579366235,-0.92792147020489,0.353448306391905,0.538924632788523,1.24722188573987,""
"CXCL10",-0.0996595438975408,0.905145527902629,0.107846108297891,-0.924090312301887,0.355439296759158,0.732688940549943,1.11819406754957,""
"PRKAR2B",-0.166775164672475,0.846389888293644,0.181731413975153,-0.917701354017291,0.358775238609854,0.592762070358308,1.20853860061036,""
"CCL21",0.0688643215917586,1.07129084825035,0.0765811592978798,0.899233208574124,0.368528455267167,0.921979774214849,1.24478227575251,""
"PLEK2",0.145414715211911,1.15651909689,0.165231620941229,0.88006590011989,0.378823610652156,0.836579845740586,1.59881501841251,""
"PPARG",0.187694369335217,1.20646472637951,0.218309497853659,0.859762727598026,0.389919849054813,0.786482832892291,1.85071698341484,""
"STIL",-0.173804597730485,0.840461109622473,0.202409897420155,-0.858676378703498,0.390519086084481,0.565231042418297,1.24970998366556,""
"ASPM",-0.139819214553399,0.869515416923287,0.1632988566389,-0.856216739242571,0.391877905245275,0.631359977186233,1.19750552392754,""
"SHCBP1",0.23686001824887,1.26726371156527,0.277119082754003,0.854722871824493,0.392704585466637,0.73617795457038,2.18147976950409,""
"DTL",-0.190452896667489,0.826584691705671,0.224864702136072,-0.846966619742035,0.397013727426707,0.53196391853215,1.2843770578415,""
"ANGPT1",0.108140792484419,1.11420460597844,0.129398864141861,0.835716705873578,0.403314294761365,0.864610363049271,1.43585128867212,""
"CCNB1",0.276557587977243,1.31858288505252,0.33291827998521,0.830707127255161,0.406139099045206,0.686636491953791,2.53214159912496,""
"CDKN3",-0.213904244823395,0.807425696511299,0.258948976978744,-0.826047846641825,0.408776950635983,0.486054309425812,1.34128273887111,""
"TOP2A",-0.154020841366873,0.857254154476939,0.189430234000155,-0.813074228513845,0.416175501252266,0.591379534350099,1.24266167948402,""
"UHRF1",-0.174339004864531,0.840012081202285,0.215239814656932,-0.809975631796595,0.417954181208891,0.550900377296264,1.2808491800802,""
"NGFR",0.103823254866153,1.10940435576496,0.129418636206722,0.802228009112339,0.422421077140301,0.860852061507804,1.42972071465395,""
"TK1",-0.195266698907019,0.822615238212874,0.244835114945857,-0.797543681388188,0.425135344438852,0.509087838623042,1.32923196902586,""
"FGF7",0.138317826414786,1.14834046521432,0.175489136524809,0.788184551784107,0.430588763886048,0.814130537097639,1.61974740408304,""
"PGR",0.0781445551556852,1.08127895182054,0.0999769600795816,0.781625637481698,0.434434615413321,0.888867866712849,1.31534080084799,""
"E2F1",-0.171255187256831,0.84260652358645,0.221196087786075,-0.774223400471967,0.438798692449456,0.546188266168153,1.29989199250183,""
"CENPA",-0.132803458222643,0.875637174484122,0.174148719631012,-0.762586474962484,0.445710053165659,0.622427155571258,1.2318557352062,""
"MMP9",0.0974726411403522,1.102381281256,0.1302303667358,0.748463231606311,0.454180794957395,0.854042613817074,1.4229319118307,""
"RRM2",0.185255030238726,1.20352533634596,0.247601722708641,0.748197662811577,0.454340940547228,0.740791974860678,1.95530362690428,""
"AGT",-0.079478216519331,0.92359813893168,0.10962524558999,-0.724999210643392,0.468452514681842,0.745023327008421,1.14497558843338,""
"CCDC170",0.123747112812019,1.13172963488306,0.171613057299262,0.72108215283541,0.470858970959956,0.808472754974116,1.58423639954762,""
"PIMREG",-0.146345533233053,0.863859159560936,0.204057964615417,-0.717176286203121,0.473265329464404,0.57909323042576,1.28865717702945,""
"IL33",0.0764692168242009,1.07946896034293,0.107145211460552,0.713697007843928,0.475414557033544,0.874999872136359,1.33171817899678,""
"PLK1",0.170379136493789,1.18575432884705,0.241419030511707,0.705740289539961,0.480349660800969,0.738751656109515,1.90322866521071,""
"MKI67",0.152392122898716,1.16461681983114,0.218556616894341,0.697266113761215,0.485636270501207,0.75883495578015,1.78738779322465,""
"KIF18B",-0.133469460245329,0.875054192509913,0.194077071863865,-0.687713695201206,0.491633093983642,0.598186003158796,1.28006980401697,""
"PDGFD",0.153536296481556,1.16595010624062,0.22544390717368,0.681039902148578,0.495846242487451,0.749517478039101,1.81375310126068,""
"CCL5",-0.0994199034366036,0.905362463386373,0.146405738404497,-0.67907108368882,0.497092823258321,0.679519140120828,1.20626652247542,""
"TNS1",0.188356665272304,1.20726402772383,0.278651232431356,0.675958486272636,0.499067002714338,0.69922009536666,2.0844458594567,""
"KPNA2",-0.177890918558566,0.83703372335419,0.265431637597488,-0.67019485758637,0.502733581600603,0.497516096264125,1.40824680707461,""
"ACSL1",0.144050411102674,1.15494232897375,0.216113297979359,0.666550427250582,0.505059342870519,0.756143678815331,1.76407185648256,""
"PKMYT1",0.164524202520037,1.17883209991387,0.249548091701059,0.659288561970354,0.509710485931789,0.722830105709062,1.92250586799255,""
"KIF4A",0.157563339586046,1.17065490443052,0.243027790450939,0.648334658738769,0.516768521935242,0.727048292221539,1.88492692979139,""
"CDC6",-0.155822150878114,0.855711364353351,0.247926571103071,-0.628501213826465,0.529675651736244,0.526370837153141,1.3911141868037,""
"MAD2L1",0.148127126944426,1.1596603110645,0.236833360096735,0.625448741190531,0.53167658071683,0.729017363376198,1.84469136761047,""
"MCM10",-0.109581259649888,0.896209335746286,0.176399645931361,-0.62121020181938,0.534461327914921,0.634246110753993,1.26637146032155,""
"ATF3",-0.159202582557097,0.85282357428771,0.257580306539164,-0.618069699101358,0.536529395109115,0.514761956017605,1.41290171186619,""
"TTK",-0.114728606844198,0.891608087407021,0.188210851363235,-0.60957487845788,0.542143457066439,0.616550468362285,1.28937535907034,""
"PTTG1",-0.137158999364856,0.871831594441448,0.225302633725608,-0.608776724429684,0.542672443427347,0.56060201433045,1.3558465892673,""
"PBK",0.139802457753393,1.15004659362884,0.234121251273811,0.597136983476525,0.550415927755108,0.726827022709317,1.81970004718201,""
"TICRR",-0.127657128218507,0.880155107764363,0.21382079685529,-0.597028587003644,0.550488294746202,0.578834784045216,1.33833182641488,""
"CCL19",0.0541051516416381,1.0555955939291,0.0912110360078092,0.593186460868681,0.553056372496433,0.882792417374956,1.26222431909409,""
"DEPDC1",-0.0979488768066406,0.906695255725957,0.165295262798302,-0.592569170758151,0.553469516287007,0.655785425574346,1.25360560740726,""
"LIFR",-0.0900030253478146,0.913928420315697,0.151890411524886,-0.592552383288976,0.553480754021155,0.678614023480705,1.23083981255877,""
"AR",0.056171106546874,1.05777866110702,0.0951767806937985,0.590176576024219,0.555072274445738,0.877768878987092,1.27470422189554,""
"RBP4",-0.0672846722954847,0.934929015061812,0.115322839546983,-0.583446198166779,0.559592965612575,0.745788460202787,1.17203779603505,""
"PROM1",-0.0681887200691154,0.934084176511989,0.117406381535817,-0.580792280429093,0.56138045845043,0.742077941087414,1.17577036117194,""
"ASF1B",-0.143552883643497,0.866274987198283,0.249327536606064,-0.575760245328658,0.564777247953856,0.531407636225544,1.41215952178542,""
"EGR1",0.109253048556825,1.11544457627175,0.190001969639406,0.575010084180547,0.565284476982877,0.768631230330726,1.61874323295283,""
"LPL",0.0716690704606234,1.07429976770442,0.125059840318084,0.573078218222062,0.566591734642026,0.840764474381258,1.37270308874446,""
"UBE2T",-0.1301260447369,0.877984758587977,0.227890910493143,-0.571001469322819,0.567998646845983,0.561701886043617,1.37236006405884,""
"KIF15",-0.122652162635409,0.884571296002911,0.215863195398767,-0.568193954549925,0.569903275997143,0.579415031245962,1.35044197253508,""
"CDKN2A",-0.0544067294150852,0.947046836350951,0.0967540226972837,-0.562320076192683,0.573897962270307,0.78345541065803,1.14479739119937,""
"AURKB",-0.118714810064665,0.888061030718841,0.218089535570779,-0.544339781154411,0.586207676610258,0.579168140660938,1.36169851017946,""
"ITGA7",0.0994187932034303,1.10452877185464,0.18270772195945,0.544141167856579,0.586344332977478,0.772068685905846,1.5801493184811,""
"CBX2",-0.0891955534547371,0.914666689853223,0.169801826055096,-0.525292074455051,0.59938016612149,0.655733372491371,1.27584653858389,""
"BCL2",0.0993452892546053,1.10444758761204,0.189442758808047,0.524407952458436,0.599994826517564,0.761888015683137,1.60102856151153,""
"CDC45",-0.126554405119793,0.881126210462429,0.242864571096487,-0.521090435498368,0.602303773465043,0.547408356007569,1.41828927206428,""
"TAL1",0.102987703138182,1.10847777819413,0.199996579927507,0.514947321476757,0.606589831771501,0.749013410900646,1.64045525336152,""
"ZWINT",0.13526237006461,1.14483711593866,0.262799209243214,0.514698542869009,0.606763691826704,0.683988198462865,1.91619098834774,""
"TPX2",-0.0999953631172748,0.90484161367068,0.195558658762737,-0.511331810874173,0.609118733806003,0.616755077363143,1.32749348303798,""
"CCR7",0.0675548791607408,1.06988897259573,0.134802410048866,0.501139995466342,0.616272600599799,0.821475644480232,1.39342221692549,""
"SPAG5",-0.123250525802016,0.884042159444845,0.250697643966953,-0.491630171914432,0.622980809962789,0.540852392682181,1.44499784090842,""
"CD7",0.0783313028089266,1.0814808969831,0.161677420163007,0.484491295877624,0.628037240140567,0.787768812104909,1.48470073017261,""
"CCNE1",0.0900738142838918,1.09425505237732,0.185952920246186,0.484390426160782,0.628108811638778,0.760037722383279,1.57544038195706,""
"MYBL2",0.0880418828701256,1.09203385858267,0.186688857694641,0.471596880270873,0.637214553933431,0.757401673089472,1.5745119012301,""
"HJURP",-0.0994270570063878,0.905355986835976,0.210935171774028,-0.471363102559789,0.637381460248212,0.598785167716331,1.36888738581456,""
"FOXM1",-0.0854570543946239,0.918092570248761,0.181794578568884,-0.470074823283266,0.638301560961722,0.64289884719147,1.31108333951475,""
"KIF23",-0.108101757281001,0.897536260933976,0.230563380435069,-0.468859179098669,0.63917029617418,0.571210389576585,1.4102883182648,""
"SLC2A4",-0.0950847860241937,0.909295835621107,0.206687111571641,-0.46004216373809,0.645485956481727,0.606419019355548,1.36344489583549,""
"MUC1",0.0590184502942746,1.06079481253606,0.128456220584479,0.459444081615816,0.645915298926006,0.824687200344125,1.36449993868446,""
"MAPT",0.0541395044145398,1.05563185718768,0.120197949758499,0.45041953313943,0.652407963121136,0.83406482808489,1.33605755858117,""
"ORC1",0.096263251623264,1.10104887874983,0.220544757938427,0.436479436297186,0.662488915823678,0.714625584908542,1.69642489577448,""
"GTSE1",-0.0964835160312506,0.908024865329889,0.222376415534714,-0.43387476949501,0.664379382321307,0.587233189594339,1.40405748630614,""
"UBE2S",-0.102268840054276,0.902786813785488,0.242940664488062,-0.420962214250063,0.673782673924483,0.560781578264083,1.45337162049418,""
"KIF18A",-0.0952280181563771,0.909165604566644,0.230344233297396,-0.413416115494537,0.679301769471066,0.578860120044657,1.42794790641868,""
"CXCL2",0.0638643402602453,1.06594778275364,0.155653093525361,0.410299203271793,0.681586476462951,0.785676524945762,1.44619909018644,""
"FMOD",0.070461103107592,1.07300283214328,0.173723355291189,0.405593726816337,0.685041138910799,0.763356275329651,1.50825389794601,""
"HMMR",0.103731027932144,1.10930204352069,0.256309818420174,0.404709536963956,0.685691031110441,0.671241037599418,1.83324760381167,""
"TACC3",0.109178620144434,1.11536155859231,0.27418978645469,0.398186313050271,0.690492854222677,0.651665760195897,1.90900225602077,""
"SFN",-0.0524339216114213,0.948917021891895,0.13390363630656,-0.391579519852461,0.695368922652147,0.729876289111624,1.23369333662307,""
"CLSPN",0.0830529704547158,1.08659936468628,0.215225740064816,0.385887721560183,0.699579824456609,0.712637980591211,1.65679940094844,""
"CNTFR",-0.0398520795247771,0.960931570094531,0.105342359703871,-0.378310108457849,0.705200237011984,0.781672588735716,1.18129955650337,""
"ADIPOQ",0.0250938337921584,1.02541133424432,0.066606987565252,0.376744763716796,0.70636329316918,0.899916351320565,1.16840682231606,""
"CXCL9",-0.0360726500746976,0.964570214839385,0.0968039061041527,-0.372636307009001,0.709419146894005,0.79787381579822,1.16609378692857,""
"AURKA",-0.0868487491827588,0.916815754278866,0.234856412882386,-0.369795093593003,0.711535171260644,0.578591336380172,1.45275443035951,""
"CD79A",-0.0355176031007279,0.965105745226825,0.0966537353072799,-0.367472638153207,0.713266497963432,0.798551798820192,1.16639784776135,""
"MX1",-0.0587473535532441,0.942944970761788,0.163553497504594,-0.359193502123633,0.719450337279615,0.684335955993509,1.29928174911415,""
"ISG15",-0.0525732354083833,0.948784833866595,0.146530277337525,-0.358787524077931,0.719754046469288,0.711935969825411,1.26442924522555,""
"ARHGAP11A",0.0876546850931584,1.09161110734971,0.250318626497775,0.350172443495481,0.72620928604064,0.668338292657455,1.78295157225114,""
"IL32",-0.0512111490132631,0.950078041310895,0.146348202673731,-0.349926736903174,0.72639368089339,0.71316080184876,1.265700922206,""
"CDK1",0.0826613950534689,1.08617396239803,0.238928394304045,0.345967231288046,0.729367341419079,0.680022323505385,1.7349046285862,""
"FGFR4",0.0570733938802573,1.05873351210466,0.165390641339047,0.345082366318769,0.730032449783642,0.765606991735456,1.46408883637885,""
"UBE2C",-0.0582205149721183,0.943441881436627,0.18634797183172,-0.312429024044833,0.754714495533094,0.654780097742101,1.35936108430599,""
"CIDEC",-0.031339516737211,0.969146475762834,0.100326441994183,-0.312375442747467,0.754755211126399,0.796143582210437,1.17974309216407,""
"SAA2",-0.0336511208203699,0.966908780141878,0.110039592640881,-0.305809209328791,0.759749916157641,0.779326838667821,1.19964120665162,""
"LMNB1",-0.0778336555681728,0.925118302023343,0.268651630668855,-0.289719646869042,0.772030724633518,0.546412455143344,1.56629642073959,""
"LEP",-0.0292557631262612,0.971168043724538,0.101775905134728,-0.287452743235575,0.773765681092346,0.795541016655553,1.1855672421729,""
"CDC20",-0.0549288171648207,0.946552523847745,0.193861439214185,-0.283340603409703,0.776915754956569,0.647335704379367,1.38407579613045,""
"CD2",0.0422780902465788,1.04318453786295,0.149416193512209,0.282955208888549,0.777211172516573,0.778355228004482,1.39811995973395,""
"SKA3",0.0757666056590734,1.07871077978324,0.268307972024597,0.282386710642081,0.777647003897658,0.637559701913462,1.82511056286695,""
"ADAMTS4",0.0585830171242187,1.0603330078379,0.211408048848193,0.277108735657864,0.78169661430841,0.700634346747067,1.6046973613705,""
"GPAM",-0.0846238188154781,0.918857876439137,0.312990331031584,-0.270371990523052,0.78687408625257,0.497542850145583,1.69693886033574,""
"CEP55",-0.0547098089435054,0.946759849334539,0.202820480276295,-0.269744992561778,0.787356444035445,0.636207414352952,1.40890249325935,""
"FGF1",-0.0540938022024593,0.947343239451555,0.201086917357477,-0.26900706875075,0.787924243036974,0.638766109145295,1.40498877521135,""
"BUB1",-0.0534010672288212,0.947999724604423,0.199004390405552,-0.268341151268044,0.788436733193752,0.641823134173236,1.40023540754374,""
"BUB1B",0.0618473239736708,1.06379991558491,0.234498398192299,0.263743055178369,0.791977916549939,0.671822512992024,1.6844780258382,""
"BIRC5",-0.0531472709429717,0.948240353947639,0.201684493189803,-0.263516892659444,0.792152205074822,0.638622597175388,1.40796735479093,""
"FAM83D",-0.0501993056759426,0.951039857968758,0.191804630342749,-0.261721031375718,0.793536524865734,0.653031786521564,1.38504255093464,""
"GHR",0.0383301121908247,1.03907418732507,0.149731096367384,0.255992997585331,0.797956244326631,0.774809997614446,1.39347087684652,""
"FGF10",0.0316027287781635,1.03210739728167,0.125641964824297,0.251530042707928,0.801404337902311,0.806822974503933,1.32029666133206,""
"CD3E",0.0357533526218422,1.03640018957419,0.143727740425625,0.248757494662928,0.803548372036364,0.78196300933859,1.37362680858515,""
"ORC6",-0.0578936786559789,0.943750282901302,0.237299431720218,-0.243968888742376,0.807254915155008,0.592744390037349,1.5026116002889,""
"ERCC6L",0.0589361510285593,1.06070751349429,0.243314168595485,0.242222437635935,0.808607809919466,0.658394583544814,1.70885432125773,""
"LIPE",0.0331226825348056,1.03367734561961,0.142389040202918,0.232621011333475,0.816055710159747,0.781957640505006,1.36642805121407,""
"SELL",0.0323618682675384,1.0328912082375,0.139279631738394,0.23235176503283,0.816264809669237,0.786139364520707,1.35709302472695,""
"AREG",0.0258807252320479,1.02621853919529,0.114487398803942,0.226057413326058,0.821156766474975,0.819951199657694,1.28437459525367,""
"GPER1",-0.0455378040578396,0.955483480736412,0.208402789751989,-0.218508610715011,0.82703285002885,0.635082881696909,1.43752683038916,""
"NR4A1",-0.0395101944294841,0.961260154441788,0.186756385831959,-0.211560071980804,0.832450262123114,0.666612751223723,1.38614372860584,""
"CALML5",-0.0141397206706523,0.985959775677433,0.0682017666391917,-0.20732191213544,0.835758462482615,0.862592640158197,1.12697075536792,""
"CKAP2L",-0.0397164068080765,0.961061951135584,0.205485282045219,-0.19328102924343,0.846738882668035,0.64245393648495,1.43767517243965,""
"CDCA5",0.0450015560541057,1.04602948758593,0.2335544134029,0.192681248872289,0.847208609498056,0.661823296331671,1.65327768750971,""
"GPC3",-0.0262965143974716,0.97404622805464,0.137818284239321,-0.190805701454009,0.848677821640023,0.74347853186959,1.2761176197,""
"TRIP13",0.0406843269257236,1.04152327279293,0.222385082377223,0.182945395845897,0.854840863195502,0.673557154220011,1.61051028999237,""
"CHEK1",0.0519529934611569,1.05332622812937,0.292033261516259,0.177900945910794,0.858800767967383,0.594269902564069,1.86699029864738,""
"SKA1",-0.0373640693371498,0.963325354275421,0.21237356342719,-0.1759355954394,0.860344540381513,0.635331350151831,1.46064842852174,""
"CXCL14",0.0165554142602414,1.01669321452746,0.0978966188634844,0.169111195590194,0.865709178956516,0.839189752574261,1.23174179533932,""
"GATA3",0.0198470469283933,1.02004530903116,0.119600475657918,0.165944548457817,0.868200588889839,0.806891895724857,1.28950660923637,""
"CDC25A",0.0358055053731911,1.03645424210505,0.230412326527952,0.155397525439454,0.876507934882458,0.659815943581341,1.62808644808858,""
"CD38",-0.0208785976973356,0.979337851222982,0.136835943392055,-0.152581238377663,0.878728521343195,0.748958189686517,1.28058233429491,""
"CENPI",0.0329448190710319,1.03349350853593,0.233972642529735,0.140806287071981,0.888022976188231,0.653355992483165,1.634803758555,""
"KIF11",-0.0346029370119972,0.965988898557653,0.251873379103038,-0.137382271739966,0.890728643276971,0.589626679643165,1.58258536181122,""
"CDCA8",0.0278876296492116,1.0282801297302,0.209540494764444,0.133089452139367,0.894122636910398,0.68194641582851,1.55050309035403,""
"FGFR3",0.0144547147849958,1.01455968935741,0.109339006901946,0.132200896958564,0.894825391678801,0.8188570103998,1.25703431758671,""
"GINS1",0.0369828843958246,1.03767526024715,0.279846098423582,0.132154368433775,0.894862193183938,0.59959227901565,1.79583691020292,""
"PLIN1",0.0109982770098399,1.01105898039854,0.0841538596774707,0.130692484598948,0.896018577771538,0.857323238442539,1.19236271222696,""
"MCM4",0.0305782712648178,1.03105058852421,0.243474036336339,0.125591507517362,0.900055285743705,0.639785656063424,1.66159604552112,""
"MELK",0.0221735543637987,1.02242121473655,0.197941636853674,0.112020667891062,0.910807019104565,0.693651972427859,1.50701674888135,""
"FBN2",-0.0118400008516016,0.988229816142403,0.106937755351712,-0.110718621432258,0.91183947900166,0.801368690596076,1.21866274658975,""
"IL20RA",-0.0150095189219848,0.985102562443994,0.136322963254658,-0.110102645685204,0.912327969963197,0.754124641831674,1.28682581725042,""
"EFNA3",0.0193031023529701,1.01949061179458,0.17665137478584,0.109272301879178,0.912986514917885,0.72113621816615,1.4412826333704,""
"MMP3",-0.00975944577446907,0.990288023067738,0.0909862014208963,-0.107262921432696,0.914580399200609,0.828540861356671,1.18361135143732,""
"SCD",-0.0192847533242654,0.980900007933129,0.183111507792127,-0.105316992671798,0.916124279757377,0.685109421711819,1.40439584549741,""
"CCNB2",-0.0246624162636855,0.975639216373268,0.2351920752996,-0.104860745126166,0.916486308036913,0.61530917538236,1.54698145031551,""
"TROAP",-0.0243151535653808,0.975978078313768,0.240422237473501,-0.101135210373628,0.919443127493474,0.609245434529634,1.56346384455788,""
"CENPE",-0.0209970917635997,0.979221812373837,0.208141267570867,-0.100879042434248,0.919646479940826,0.651194780258808,1.47248624666127,""
"KIF20A",-0.0216532319952339,0.97857951628824,0.218450277278718,-0.0991220165292204,0.921041391507301,0.637750646733614,1.50155530943572,""
"ERBB4",-0.00964682969806615,0.990399551699245,0.101198902630755,-0.0953254377991097,0.924056338210756,0.812212694460827,1.20767783943246,""
"CKS2",-0.0217032025638373,0.978530617335151,0.236407242089418,-0.0918043050289822,0.926853523590909,0.615664637868242,1.55526582195424,""
"NTRK2",0.0105544426985975,1.01061033730132,0.120464739380039,0.0876143737405235,0.930183177521483,0.798075473332796,1.27974519702398,""
"CDCA2",-0.0144982343990617,0.985606358918358,0.174855655688736,-0.0829154444101612,0.933918773465177,0.699626245143654,1.38848406771939,""
"KIF2C",0.0160465492260841,1.01617598651091,0.204995089115396,0.0782777250680928,0.93760713590591,0.679949707947598,1.51866178261672,""
"ANLN",0.0149095949015248,1.01502129736732,0.19129879765474,0.0779387799835208,0.937876751250859,0.697655982971831,1.47675682464669,""
"NCAPG",0.0169159313945223,1.01705981593068,0.217483699546864,0.0777802264250946,0.938002875817092,0.664085556973963,1.55764668922245,""
"IQGAP3",-0.012473941740536,0.987603535387749,0.19167287831652,-0.0650793260376522,0.948110840963815,0.678313383653097,1.43792053439594,""
"DLGAP5",-0.0125660844663628,0.98751253909835,0.231136876739145,-0.0543664197753461,0.9566432324077,0.627767101756441,1.55341210482039,""
"CCNA2",-0.0108601123354421,0.989198645785567,0.208231693168867,-0.0521539837196398,0.958405998670775,0.657712922148665,1.48775237321979,""
"MCM2",0.00839013501550169,1.00842543084148,0.186200850240586,0.0450595956176407,0.964059806716677,0.700082687897757,1.45257391326372,""
"VEGFD",0.00590340795902213,1.00592086741164,0.178749606748914,0.0330261311697011,0.97365374934422,0.70861750478413,1.4279590677095,""
"CDKN1C",-0.00490788193607892,0.99510414203768,0.163949609874263,-0.029935307194954,0.976118647389546,0.721629656684251,1.37221668251617,""
"CXCL8",-0.00304013966146451,0.996964476883617,0.138198677924368,-0.0219983266636479,0.982449290344879,0.760404636373366,1.30711744855773,""
"CENPM",0.00262149150352725,1.00262493061692,0.279112027986565,0.00939225558439005,0.992506174455565,0.580173529728898,1.73268289569213,""
"KIFC1",0.00148304582835188,1.00148414608466,0.245956920004481,0.00602969751094973,0.995189026602015,0.618422338606992,1.62182125748906,""
"SPC25",-0.000488295148279978,0.999511824048394,0.299559274943954,-0.00163004516675819,0.998699412703986,0.555651663661443,1.79793196303872,""
